GEOID10,Tot_2008_pres,Dem_2008_pres,Rep_2008_pres,Tot_2018_gov,Dem_2018_gov,Rep_2018_gov,Tot_2018_ltg,Dem_2018_ltg,Rep_2018_ltg,Tot_2018_sen,Dem_2018_sen,Rep_2018_sen,Tot_2018_ag,Dem_2018_ag,Rep_2018_ag,Tot_2016_pres,Dem_2016_pres,Rep_2016_pres
440010301001,949,603,331,0,0,0,0,0,0,0,0,0,0,0,0,0,0,0
440010301002,478,311,158,0,0,0,0,0,0,0,0,0,0,0,0,0,0,0
440010301003,731,473,245,0,0,0,0,0,0,0,0,0,0,0,0,0,0,0
440010301004,634,413,208,0,0,0,0,0,0,0,0,0,0,0,0,0,0,0
440010302001,624,395,220,0,0,0,0,0,0,0,0,0,0,0,0,0,0,0
440010302002,701,441,250,0,0,0,0,0,0,0,0,0,0,0,0,0,0,0
440010302003,537,334,195,0,0,0,0,0,0,0,0,0,0,0,0,0,0,0
440010303001,848,510,329,0,0,0,0,0,0,0,0,0,0,0,0,0,0,0
440010303002,1029,613,403,0,0,0,0,0,0,0,0,0,0,0,0,0,0,0
440010303003,916,553,351,0,0,0,0,0,0,0,0,0,0,0,0,0,0,0
440010304001,710,394,310,0,0,0,0,0,0,0,0,0,0,0,0,0,0,0
440010304002,1001,589,402,0,0,0,0,0,0,0,0,0,0,0,0,0,0,0
440010304003,720,446,264,0,0,0,0,0,0,0,0,0,0,0,0,0,0,0
440010305001,299,210,84,0,0,0,0,0,0,0,0,0,0,0,0,0,0,0
440010305002,471,302,162,0,0,0,0,0,0,0,0,0,0,0,0,0,0,0
440010305003,458,321,130,0,0,0,0,0,0,0,0,0,0,0,0,0,0,0
440010306011,367,235,127,0,0,0,0,0,0,0,0,0,0,0,0,0,0,0
440010306012,768,458,301,0,0,0,0,0,0,0,0,0,0,0,0,0,0,0
440010306013,605,361,237,0,0,0,0,0,0,0,0,0,0,0,0,0,0,0
440010306021,583,376,193,0,0,0,0,0,0,0,0,0,0,0,0,0,0,0
440010306022,530,339,181,0,0,0,0,0,0,0,0,0,0,0,0,0,0,0
440010306023,700,447,239,0,0,0,0,0,0,0,0,0,0,0,0,0,0,0
440010306024,315,205,106,0,0,0,0,0,0,0,0,0,0,0,0,0,0,0
440010307001,413,281,127,0,0,0,0,0,0,0,0,0,0,0,0,0,0,0
440010307002,431,281,141,0,0,0,0,0,0,0,0,0,0,0,0,0,0,0
440010307003,378,245,125,0,0,0,0,0,0,0,0,0,0,0,0,0,0,0
440010307004,619,399,210,0,0,0,0,0,0,0,0,0,0,0,0,0,0,0
440010308001,300,199,95,0,0,0,0,0,0,0,0,0,0,0,0,0,0,0
440010308002,606,401,193,0,0,0,0,0,0,0,0,0,0,0,0,0,0,0
440010308003,414,262,144,0,0,0,0,0,0,0,0,0,0,0,0,0,0,0
440010308004,678,441,230,0,0,0,0,0,0,0,0,0,0,0,0,0,0,0
440010309011,1002,580,406,0,0,0,0,0,0,0,0,0,0,0,0,0,0,0
440010309012,1359,856,480,0,0,0,0,0,0,0,0,0,0,0,0,0,0,0
440010309013,531,342,181,0,0,0,0,0,0,0,0,0,0,0,0,0,0,0
440010309021,623,399,214,0,0,0,0,0,0,0,0,0,0,0,0,0,0,0
440010309022,1347,792,535,0,0,0,0,0,0,0,0,0,0,0,0,0,0,0
440010309023,992,580,400,0,0,0,0,0,0,0,0,0,0,0,0,0,0,0
440010309024,1140,775,353,0,0,0,0,0,0,0,0,0,0,0,0,0,0,0
440030201011,1229,723,488,0,0,0,0,0,0,0,0,0,0,0,0,0,0,0
440030201012,834,449,369,0,0,0,0,0,0,0,0,0,0,0,0,0,0,0
440030201013,1397,825,546,0,0,0,0,0,0,0,0,0,0,0,0,0,0,0
440030201021,722,438,277,0,0,0,0,0,0,0,0,0,0,0,0,0,0,0
440030201022,532,340,185,0,0,0,0,0,0,0,0,0,0,0,0,0,0,0
440030201023,842,529,302,0,0,0,0,0,0,0,0,0,0,0,0,0,0,0
440030202001,767,454,299,0,0,0,0,0,0,0,0,0,0,0,0,0,0,0
440030202002,494,320,164,0,0,0,0,0,0,0,0,0,0,0,0,0,0,0
440030202003,668,437,218,0,0,0,0,0,0,0,0,0,0,0,0,0,0,0
440030203001,273,167,100,0,0,0,0,0,0,0,0,0,0,0,0,0,0,0
440030203002,503,299,195,0,0,0,0,0,0,0,0,0,0,0,0,0,0,0
440030203003,382,229,146,0,0,0,0,0,0,0,0,0,0,0,0,0,0,0
440030203004,275,174,94,0,0,0,0,0,0,0,0,0,0,0,0,0,0,0
440030203005,400,250,139,0,0,0,0,0,0,0,0,0,0,0,0,0,0,0
440030204001,393,216,168,0,0,0,0,0,0,0,0,0,0,0,0,0,0,0
440030204002,259,162,91,0,0,0,0,0,0,0,0,0,0,0,0,0,0,0
440030204003,560,337,210,0,0,0,0,0,0,0,0,0,0,0,0,0,0,0
440030205001,583,348,224,0,0,0,0,0,0,0,0,0,0,0,0,0,0,0
440030205002,954,561,375,0,0,0,0,0,0,0,0,0,0,0,0,0,0,0
440030205003,368,217,145,0,0,0,0,0,0,0,0,0,0,0,0,0,0,0
440030206011,687,383,291,0,0,0,0,0,0,0,0,0,0,0,0,0,0,0
440030206012,646,370,266,0,0,0,0,0,0,0,0,0,0,0,0,0,0,0
440030206013,639,371,253,0,0,0,0,0,0,0,0,0,0,0,0,0,0,0
440030206014,789,440,335,0,0,0,0,0,0,0,0,0,0,0,0,0,0,0
440030206021,995,583,394,0,0,0,0,0,0,0,0,0,0,0,0,0,0,0
440030206022,671,417,243,0,0,0,0,0,0,0,0,0,0,0,0,0,0,0
440030206031,1074,623,431,0,0,0,0,0,0,0,0,0,0,0,0,0,0,0
440030206032,440,247,186,0,0,0,0,0,0,0,0,0,0,0,0,0,0,0
440030206033,1778,1014,728,0,0,0,0,0,0,0,0,0,0,0,0,0,0,0
440030206041,726,417,298,0,0,0,0,0,0,0,0,0,0,0,0,0,0,0
440030206042,478,274,194,0,0,0,0,0,0,0,0,0,0,0,0,0,0,0
440030206043,1176,673,479,0,0,0,0,0,0,0,0,0,0,0,0,0,0,0
440030207011,971,475,475,0,0,0,0,0,0,0,0,0,0,0,0,0,0,0
440030207021,1009,545,446,0,0,0,0,0,0,0,0,0,0,0,0,0,0,0
440030207022,1550,814,703,0,0,0,0,0,0,0,0,0,0,0,0,0,0,0
440030207031,1478,826,627,0,0,0,0,0,0,0,0,0,0,0,0,0,0,0
440030207032,495,294,189,0,0,0,0,0,0,0,0,0,0,0,0,0,0,0
440030207033,1703,856,829,0,0,0,0,0,0,0,0,0,0,0,0,0,0,0
440030208001,848,432,401,0,0,0,0,0,0,0,0,0,0,0,0,0,0,0
440030208002,1136,573,544,0,0,0,0,0,0,0,0,0,0,0,0,0,0,0
440030208003,1237,586,622,0,0,0,0,0,0,0,0,0,0,0,0,0,0,0
440030209011,671,425,234,0,0,0,0,0,0,0,0,0,0,0,0,0,0,0
440030209012,342,217,119,0,0,0,0,0,0,0,0,0,0,0,0,0,0,0
440030209013,325,177,143,0,0,0,0,0,0,0,0,0,0,0,0,0,0,0
440030209014,531,287,235,0,0,0,0,0,0,0,0,0,0,0,0,0,0,0
440030209031,1364,604,742,0,0,0,0,0,0,0,0,0,0,0,0,0,0,0
440030209032,825,422,390,0,0,0,0,0,0,0,0,0,0,0,0,0,0,0
440030209033,1377,709,646,0,0,0,0,0,0,0,0,0,0,0,0,0,0,0
440030209041,1020,486,518,0,0,0,0,0,0,0,0,0,0,0,0,0,0,0
440030209042,1149,589,543,0,0,0,0,0,0,0,0,0,0,0,0,0,0,0
440030210011,617,399,205,0,0,0,0,0,0,0,0,0,0,0,0,0,0,0
440030210012,593,370,210,0,0,0,0,0,0,0,0,0,0,0,0,0,0,0
440030210021,918,608,293,0,0,0,0,0,0,0,0,0,0,0,0,0,0,0
440030210022,644,463,168,0,0,0,0,0,0,0,0,0,0,0,0,0,0,0
440030210023,404,252,146,0,0,0,0,0,0,0,0,0,0,0,0,0,0,0
440030210024,789,495,273,0,0,0,0,0,0,0,0,0,0,0,0,0,0,0
440030211001,849,536,293,0,0,0,0,0,0,0,0,0,0,0,0,0,0,0
440030211002,634,407,212,0,0,0,0,0,0,0,0,0,0,0,0,0,0,0
440030211003,666,409,244,0,0,0,0,0,0,0,0,0,0,0,0,0,0,0
440030211004,388,239,143,0,0,0,0,0,0,0,0,0,0,0,0,0,0,0
440030212001,526,331,186,0,0,0,0,0,0,0,0,0,0,0,0,0,0,0
440030212002,616,399,206,0,0,0,0,0,0,0,0,0,0,0,0,0,0,0
440030212003,558,366,183,0,0,0,0,0,0,0,0,0,0,0,0,0,0,0
440030213001,603,364,225,0,0,0,0,0,0,0,0,0,0,0,0,0,0,0
440030213002,901,537,349,0,0,0,0,0,0,0,0,0,0,0,0,0,0,0
440030213003,525,326,188,0,0,0,0,0,0,0,0,0,0,0,0,0,0,0
440030213004,883,525,344,0,0,0,0,0,0,0,0,0,0,0,0,0,0,0
440030214011,1073,602,450,0,0,0,0,0,0,0,0,0,0,0,0,0,0,0
440030214012,393,236,149,0,0,0,0,0,0,0,0,0,0,0,0,0,0,0
440030214013,577,339,226,0,0,0,0,0,0,0,0,0,0,0,0,0,0,0
440030214021,857,514,331,0,0,0,0,0,0,0,0,0,0,0,0,0,0,0
440030214022,394,242,144,0,0,0,0,0,0,0,0,0,0,0,0,0,0,0
440030214023,614,374,229,0,0,0,0,0,0,0,0,0,0,0,0,0,0,0
440030215011,318,203,112,0,0,0,0,0,0,0,0,0,0,0,0,0,0,0
440030215012,498,313,178,0,0,0,0,0,0,0,0,0,0,0,0,0,0,0
440030215013,385,232,146,0,0,0,0,0,0,0,0,0,0,0,0,0,0,0
440030215014,262,166,93,0,0,0,0,0,0,0,0,0,0,0,0,0,0,0
440030215021,527,312,201,0,0,0,0,0,0,0,0,0,0,0,0,0,0,0
440030215022,563,332,223,0,0,0,0,0,0,0,0,0,0,0,0,0,0,0
440030215023,629,384,237,0,0,0,0,0,0,0,0,0,0,0,0,0,0,0
440030215024,489,304,178,0,0,0,0,0,0,0,0,0,0,0,0,0,0,0
440030216001,500,293,200,0,0,0,0,0,0,0,0,0,0,0,0,0,0,0
440030216002,457,208,243,0,0,0,0,0,0,0,0,0,0,0,0,0,0,0
440030217001,434,260,166,0,0,0,0,0,0,0,0,0,0,0,0,0,0,0
440030217002,341,214,119,0,0,0,0,0,0,0,0,0,0,0,0,0,0,0
440030217003,409,256,143,0,0,0,0,0,0,0,0,0,0,0,0,0,0,0
440030217004,377,239,129,0,0,0,0,0,0,0,0,0,0,0,0,0,0,0
440030217005,485,309,164,0,0,0,0,0,0,0,0,0,0,0,0,0,0,0
440030218001,1239,724,495,0,0,0,0,0,0,0,0,0,0,0,0,0,0,0
440030218002,751,451,284,0,0,0,0,0,0,0,0,0,0,0,0,0,0,0
440030219011,336,207,123,0,0,0,0,0,0,0,0,0,0,0,0,0,0,0
440030219012,525,312,206,0,0,0,0,0,0,0,0,0,0,0,0,0,0,0
440030219013,295,173,119,0,0,0,0,0,0,0,0,0,0,0,0,0,0,0
440030219014,629,362,252,0,0,0,0,0,0,0,0,0,0,0,0,0,0,0
440030219021,448,260,177,0,0,0,0,0,0,0,0,0,0,0,0,0,0,0
440030219022,444,255,182,0,0,0,0,0,0,0,0,0,0,0,0,0,0,0
440030219023,350,201,143,0,0,0,0,0,0,0,0,0,0,0,0,0,0,0
440030219031,1085,629,438,0,0,0,0,0,0,0,0,0,0,0,0,0,0,0
440030219032,436,250,179,0,0,0,0,0,0,0,0,0,0,0,0,0,0,0
440030219033,881,515,348,0,0,0,0,0,0,0,0,0,0,0,0,0,0,0
440030220001,969,550,405,0,0,0,0,0,0,0,0,0,0,0,0,0,0,0
440030220002,114,72,40,0,0,0,0,0,0,0,0,0,0,0,0,0,0,0
440030220003,705,415,277,0,0,0,0,0,0,0,0,0,0,0,0,0,0,0
440030221001,1404,824,547,0,0,0,0,0,0,0,0,0,0,0,0,0,0,0
440030221002,533,316,205,0,0,0,0,0,0,0,0,0,0,0,0,0,0,0
440030221003,615,351,256,0,0,0,0,0,0,0,0,0,0,0,0,0,0,0
440030221004,582,345,224,0,0,0,0,0,0,0,0,0,0,0,0,0,0,0
440030222011,821,471,337,0,0,0,0,0,0,0,0,0,0,0,0,0,0,0
440030222012,994,526,461,0,0,0,0,0,0,0,0,0,0,0,0,0,0,0
440030222013,891,468,414,0,0,0,0,0,0,0,0,0,0,0,0,0,0,0
440030222014,547,284,260,0,0,0,0,0,0,0,0,0,0,0,0,0,0,0
440030222015,773,469,293,0,0,0,0,0,0,0,0,0,0,0,0,0,0,0
440030222021,421,252,160,0,0,0,0,0,0,0,0,0,0,0,0,0,0,0
440030222022,768,449,305,0,0,0,0,0,0,0,0,0,0,0,0,0,0,0
440030222023,712,402,304,0,0,0,0,0,0,0,0,0,0,0,0,0,0,0
440030223001,408,244,155,0,0,0,0,0,0,0,0,0,0,0,0,0,0,0
440030223002,443,272,165,0,0,0,0,0,0,0,0,0,0,0,0,0,0,0
440030223003,393,243,144,0,0,0,0,0,0,0,0,0,0,0,0,0,0,0
440030223004,537,347,184,0,0,0,0,0,0,0,0,0,0,0,0,0,0,0
440030224001,695,418,263,0,0,0,0,0,0,0,0,0,0,0,0,0,0,0
440030224002,670,385,266,0,0,0,0,0,0,0,0,0,0,0,0,0,0,0
440039800001,3,2,1,0,0,0,0,0,0,0,0,0,0,0,0,0,0,0
440050401011,677,422,243,0,0,0,0,0,0,0,0,0,0,0,0,0,0,0
440050401012,894,494,387,0,0,0,0,0,0,0,0,0,0,0,0,0,0,0
440050401013,1117,675,424,0,0,0,0,0,0,0,0,0,0,0,0,0,0,0
440050401021,1023,525,486,0,0,0,0,0,0,0,0,0,0,0,0,0,0,0
440050401022,941,494,431,0,0,0,0,0,0,0,0,0,0,0,0,0,0,0
440050401023,1722,939,759,0,0,0,0,0,0,0,0,0,0,0,0,0,0,0
440050401031,0,0,0,0,0,0,0,0,0,0,0,0,0,0,0,0,0,0
440050401032,1037,567,459,0,0,0,0,0,0,0,0,0,0,0,0,0,0,0
440050401033,121,70,49,0,0,0,0,0,0,0,0,0,0,0,0,0,0,0
440050401034,96,52,43,0,0,0,0,0,0,0,0,0,0,0,0,0,0,0
440050401035,955,518,421,0,0,0,0,0,0,0,0,0,0,0,0,0,0,0
440050401036,1297,708,574,0,0,0,0,0,0,0,0,0,0,0,0,0,0,0
440050402001,319,204,111,0,0,0,0,0,0,0,0,0,0,0,0,0,0,0
440050402002,6,4,2,0,0,0,0,0,0,0,0,0,0,0,0,0,0,0
440050403021,599,385,207,0,0,0,0,0,0,0,0,0,0,0,0,0,0,0
440050403022,622,399,216,0,0,0,0,0,0,0,0,0,0,0,0,0,0,0
440050403031,165,97,65,0,0,0,0,0,0,0,0,0,0,0,0,0,0,0
440050403032,1033,617,398,0,0,0,0,0,0,0,0,0,0,0,0,0,0,0
440050403041,731,431,289,0,0,0,0,0,0,0,0,0,0,0,0,0,0,0
440050403042,579,361,207,0,0,0,0,0,0,0,0,0,0,0,0,0,0,0
440050404001,1261,724,519,0,0,0,0,0,0,0,0,0,0,0,0,0,0,0
440050404002,1254,712,525,0,0,0,0,0,0,0,0,0,0,0,0,0,0,0
440050404003,1134,697,425,0,0,0,0,0,0,0,0,0,0,0,0,0,0,0
440050405001,261,203,55,0,0,0,0,0,0,0,0,0,0,0,0,0,0,0
440050405002,627,449,168,0,0,0,0,0,0,0,0,0,0,0,0,0,0,0
440050405003,383,279,99,0,0,0,0,0,0,0,0,0,0,0,0,0,0,0
440050406001,734,483,238,0,0,0,0,0,0,0,0,0,0,0,0,0,0,0
440050406002,306,209,91,0,0,0,0,0,0,0,0,0,0,0,0,0,0,0
440050406003,606,438,157,0,0,0,0,0,0,0,0,0,0,0,0,0,0,0
440050406004,456,352,96,0,0,0,0,0,0,0,0,0,0,0,0,0,0,0
440050407001,717,481,224,0,0,0,0,0,0,0,0,0,0,0,0,0,0,0
440050407002,614,413,193,0,0,0,0,0,0,0,0,0,0,0,0,0,0,0
440050407003,444,304,134,0,0,0,0,0,0,0,0,0,0,0,0,0,0,0
440050408001,504,335,159,0,0,0,0,0,0,0,0,0,0,0,0,0,0,0
440050408002,289,196,89,0,0,0,0,0,0,0,0,0,0,0,0,0,0,0
440050408003,320,212,101,0,0,0,0,0,0,0,0,0,0,0,0,0,0,0
440050409001,259,154,103,0,0,0,0,0,0,0,0,0,0,0,0,0,0,0
440050409002,1046,588,448,0,0,0,0,0,0,0,0,0,0,0,0,0,0,0
440050409003,484,293,185,0,0,0,0,0,0,0,0,0,0,0,0,0,0,0
440050409004,224,133,89,0,0,0,0,0,0,0,0,0,0,0,0,0,0,0
440050410001,253,171,79,0,0,0,0,0,0,0,0,0,0,0,0,0,0,0
440050410002,642,436,195,0,0,0,0,0,0,0,0,0,0,0,0,0,0,0
440050411001,394,278,111,0,0,0,0,0,0,0,0,0,0,0,0,0,0,0
440050411002,61,42,18,0,0,0,0,0,0,0,0,0,0,0,0,0,0,0
440050411003,327,225,97,0,0,0,0,0,0,0,0,0,0,0,0,0,0,0
440050412001,406,315,86,0,0,0,0,0,0,0,0,0,0,0,0,0,0,0
440050413001,758,466,280,0,0,0,0,0,0,0,0,0,0,0,0,0,0,0
440050413002,487,290,190,0,0,0,0,0,0,0,0,0,0,0,0,0,0,0
440050413003,627,377,240,0,0,0,0,0,0,0,0,0,0,0,0,0,0,0
440050413004,814,533,263,0,0,0,0,0,0,0,0,0,0,0,0,0,0,0
440050413005,999,650,327,0,0,0,0,0,0,0,0,0,0,0,0,0,0,0
440050414001,451,262,180,0,0,0,0,0,0,0,0,0,0,0,0,0,0,0
440050414002,1828,1065,731,0,0,0,0,0,0,0,0,0,0,0,0,0,0,0
440050416011,766,489,264,0,0,0,0,0,0,0,0,0,0,0,0,0,0,0
440050416012,560,360,191,0,0,0,0,0,0,0,0,0,0,0,0,0,0,0
440050416021,628,338,284,0,0,0,0,0,0,0,0,0,0,0,0,0,0,0
440050416022,1759,1073,652,0,0,0,0,0,0,0,0,0,0,0,0,0,0,0
440050417011,1632,979,624,0,0,0,0,0,0,0,0,0,0,0,0,0,0,0
440050417021,925,540,367,0,0,0,0,0,0,0,0,0,0,0,0,0,0,0
440050417022,1019,606,396,0,0,0,0,0,0,0,0,0,0,0,0,0,0,0
440050417023,649,367,273,0,0,0,0,0,0,0,0,0,0,0,0,0,0,0
440059900000,0,0,0,0,0,0,0,0,0,0,0,0,0,0,0,0,0,0
440070001011,507,463,42,0,0,0,0,0,0,0,0,0,0,0,0,0,0,0
440070001012,179,163,15,0,0,0,0,0,0,0,0,0,0,0,0,0,0,0
440070001013,293,268,24,0,0,0,0,0,0,0,0,0,0,0,0,0,0,0
440070001014,267,244,22,0,0,0,0,0,0,0,0,0,0,0,0,0,0,0
440070001021,222,202,19,0,0,0,0,0,0,0,0,0,0,0,0,0,0,0
440070001022,488,444,40,0,0,0,0,0,0,0,0,0,0,0,0,0,0,0
440070001023,616,573,38,0,0,0,0,0,0,0,0,0,0,0,0,0,0,0
440070001024,560,463,90,0,0,0,0,0,0,0,0,0,0,0,0,0,0,0
440070002001,466,438,24,0,0,0,0,0,0,0,0,0,0,0,0,0,0,0
440070002002,301,280,20,0,0,0,0,0,0,0,0,0,0,0,0,0,0,0
440070002003,329,310,17,0,0,0,0,0,0,0,0,0,0,0,0,0,0,0
440070002004,400,378,20,0,0,0,0,0,0,0,0,0,0,0,0,0,0,0
440070002005,570,537,31,0,0,0,0,0,0,0,0,0,0,0,0,0,0,0
440070003001,167,156,10,0,0,0,0,0,0,0,0,0,0,0,0,0,0,0
440070003002,327,304,20,0,0,0,0,0,0,0,0,0,0,0,0,0,0,0
440070003003,257,233,20,0,0,0,0,0,0,0,0,0,0,0,0,0,0,0
440070003004,364,344,17,0,0,0,0,0,0,0,0,0,0,0,0,0,0,0
440070003005,370,354,15,0,0,0,0,0,0,0,0,0,0,0,0,0,0,0
440070003006,201,191,9,0,0,0,0,0,0,0,0,0,0,0,0,0,0,0
440070004001,313,299,13,0,0,0,0,0,0,0,0,0,0,0,0,0,0,0
440070004002,230,220,9,0,0,0,0,0,0,0,0,0,0,0,0,0,0,0
440070004003,214,207,6,0,0,0,0,0,0,0,0,0,0,0,0,0,0,0
440070004004,263,256,7,0,0,0,0,0,0,0,0,0,0,0,0,0,0,0
440070005001,310,300,9,0,0,0,0,0,0,0,0,0,0,0,0,0,0,0
440070005002,190,185,5,0,0,0,0,0,0,0,0,0,0,0,0,0,0,0
440070005003,308,299,9,0,0,0,0,0,0,0,0,0,0,0,0,0,0,0
440070006001,125,117,7,0,0,0,0,0,0,0,0,0,0,0,0,0,0,0
440070006002,325,315,9,0,0,0,0,0,0,0,0,0,0,0,0,0,0,0
440070007001,195,185,9,0,0,0,0,0,0,0,0,0,0,0,0,0,0,0
440070007002,356,333,21,0,0,0,0,0,0,0,0,0,0,0,0,0,0,0
440070007003,246,230,14,0,0,0,0,0,0,0,0,0,0,0,0,0,0,0
440070008001,276,209,60,0,0,0,0,0,0,0,0,0,0,0,0,0,0,0
440070008002,219,186,29,0,0,0,0,0,0,0,0,0,0,0,0,0,0,0
440070008003,413,347,53,0,0,0,0,0,0,0,0,0,0,0,0,0,0,0
440070009001,429,345,75,0,0,0,0,0,0,0,0,0,0,0,0,0,0,0
440070009002,264,216,43,0,0,0,0,0,0,0,0,0,0,0,0,0,0,0
440070010001,392,321,66,0,0,0,0,0,0,0,0,0,0,0,0,0,0,0
440070010002,370,304,61,0,0,0,0,0,0,0,0,0,0,0,0,0,0,0
440070011001,292,239,47,0,0,0,0,0,0,0,0,0,0,0,0,0,0,0
440070011002,192,154,35,0,0,0,0,0,0,0,0,0,0,0,0,0,0,0
440070011003,229,183,42,0,0,0,0,0,0,0,0,0,0,0,0,0,0,0
440070012001,375,353,20,0,0,0,0,0,0,0,0,0,0,0,0,0,0,0
440070012002,253,240,12,0,0,0,0,0,0,0,0,0,0,0,0,0,0,0
440070012003,176,169,6,0,0,0,0,0,0,0,0,0,0,0,0,0,0,0
440070013001,427,382,39,0,0,0,0,0,0,0,0,0,0,0,0,0,0,0
440070013002,312,279,29,0,0,0,0,0,0,0,0,0,0,0,0,0,0,0
440070013003,206,184,21,0,0,0,0,0,0,0,0,0,0,0,0,0,0,0
440070013004,237,213,21,0,0,0,0,0,0,0,0,0,0,0,0,0,0,0
440070014001,193,184,8,0,0,0,0,0,0,0,0,0,0,0,0,0,0,0
440070014002,294,278,14,0,0,0,0,0,0,0,0,0,0,0,0,0,0,0
440070014003,199,183,14,0,0,0,0,0,0,0,0,0,0,0,0,0,0,0
440070014004,357,330,24,0,0,0,0,0,0,0,0,0,0,0,0,0,0,0
440070014005,299,277,20,0,0,0,0,0,0,0,0,0,0,0,0,0,0,0
440070015001,417,354,61,0,0,0,0,0,0,0,0,0,0,0,0,0,0,0
440070015002,378,321,55,0,0,0,0,0,0,0,0,0,0,0,0,0,0,0
440070015003,349,296,51,0,0,0,0,0,0,0,0,0,0,0,0,0,0,0
440070016001,132,111,21,0,0,0,0,0,0,0,0,0,0,0,0,0,0,0
440070016002,256,213,42,0,0,0,0,0,0,0,0,0,0,0,0,0,0,0
440070016003,232,195,35,0,0,0,0,0,0,0,0,0,0,0,0,0,0,0
440070016004,196,165,30,0,0,0,0,0,0,0,0,0,0,0,0,0,0,0
440070016005,271,211,58,0,0,0,0,0,0,0,0,0,0,0,0,0,0,0
440070016006,282,234,47,0,0,0,0,0,0,0,0,0,0,0,0,0,0,0
440070016007,144,124,20,0,0,0,0,0,0,0,0,0,0,0,0,0,0,0
440070017001,243,179,62,0,0,0,0,0,0,0,0,0,0,0,0,0,0,0
440070017002,282,208,72,0,0,0,0,0,0,0,0,0,0,0,0,0,0,0
440070017003,426,313,109,0,0,0,0,0,0,0,0,0,0,0,0,0,0,0
440070018001,323,237,81,0,0,0,0,0,0,0,0,0,0,0,0,0,0,0
440070018002,385,328,53,0,0,0,0,0,0,0,0,0,0,0,0,0,0,0
440070018003,150,145,5,0,0,0,0,0,0,0,0,0,0,0,0,0,0,0
440070018004,203,173,29,0,0,0,0,0,0,0,0,0,0,0,0,0,0,0
440070018005,278,216,60,0,0,0,0,0,0,0,0,0,0,0,0,0,0,0
440070018006,349,257,87,0,0,0,0,0,0,0,0,0,0,0,0,0,0,0
440070019001,128,113,14,0,0,0,0,0,0,0,0,0,0,0,0,0,0,0
440070019002,156,133,21,0,0,0,0,0,0,0,0,0,0,0,0,0,0,0
440070019003,145,129,15,0,0,0,0,0,0,0,0,0,0,0,0,0,0,0
440070019004,127,117,9,0,0,0,0,0,0,0,0,0,0,0,0,0,0,0
440070019005,171,148,21,0,0,0,0,0,0,0,0,0,0,0,0,0,0,0
440070019006,242,214,26,0,0,0,0,0,0,0,0,0,0,0,0,0,0,0
440070020001,603,461,134,0,0,0,0,0,0,0,0,0,0,0,0,0,0,0
440070020002,285,219,63,0,0,0,0,0,0,0,0,0,0,0,0,0,0,0
440070020003,214,188,24,0,0,0,0,0,0,0,0,0,0,0,0,0,0,0
440070020004,383,292,86,0,0,0,0,0,0,0,0,0,0,0,0,0,0,0
440070021011,335,237,92,0,0,0,0,0,0,0,0,0,0,0,0,0,0,0
440070021012,366,261,99,0,0,0,0,0,0,0,0,0,0,0,0,0,0,0
440070021013,552,393,149,0,0,0,0,0,0,0,0,0,0,0,0,0,0,0
440070021021,223,178,43,0,0,0,0,0,0,0,0,0,0,0,0,0,0,0
440070021022,242,203,37,0,0,0,0,0,0,0,0,0,0,0,0,0,0,0
440070021023,509,417,84,0,0,0,0,0,0,0,0,0,0,0,0,0,0,0
440070021024,405,323,78,0,0,0,0,0,0,0,0,0,0,0,0,0,0,0
440070021025,210,172,35,0,0,0,0,0,0,0,0,0,0,0,0,0,0,0
440070022001,237,200,30,0,0,0,0,0,0,0,0,0,0,0,0,0,0,0
440070022002,184,157,24,0,0,0,0,0,0,0,0,0,0,0,0,0,0,0
440070022003,275,232,42,0,0,0,0,0,0,0,0,0,0,0,0,0,0,0
440070022004,226,191,34,0,0,0,0,0,0,0,0,0,0,0,0,0,0,0
440070023001,287,225,54,0,0,0,0,0,0,0,0,0,0,0,0,0,0,0
440070023002,481,349,123,0,0,0,0,0,0,0,0,0,0,0,0,0,0,0
440070023003,284,205,73,0,0,0,0,0,0,0,0,0,0,0,0,0,0,0
440070023004,283,203,74,0,0,0,0,0,0,0,0,0,0,0,0,0,0,0
440070023005,370,249,112,0,0,0,0,0,0,0,0,0,0,0,0,0,0,0
440070023006,320,227,86,0,0,0,0,0,0,0,0,0,0,0,0,0,0,0
440070024001,774,571,198,0,0,0,0,0,0,0,0,0,0,0,0,0,0,0
440070024002,371,270,96,0,0,0,0,0,0,0,0,0,0,0,0,0,0,0
440070024003,590,420,162,0,0,0,0,0,0,0,0,0,0,0,0,0,0,0
440070024004,411,258,146,0,0,0,0,0,0,0,0,0,0,0,0,0,0,0
440070024005,181,116,60,0,0,0,0,0,0,0,0,0,0,0,0,0,0,0
440070024006,868,562,292,0,0,0,0,0,0,0,0,0,0,0,0,0,0,0
440070025001,327,275,47,0,0,0,0,0,0,0,0,0,0,0,0,0,0,0
440070025002,485,409,69,0,0,0,0,0,0,0,0,0,0,0,0,0,0,0
440070026001,351,295,51,0,0,0,0,0,0,0,0,0,0,0,0,0,0,0
440070026002,164,139,24,0,0,0,0,0,0,0,0,0,0,0,0,0,0,0
440070026003,244,205,37,0,0,0,0,0,0,0,0,0,0,0,0,0,0,0
440070027001,340,297,39,0,0,0,0,0,0,0,0,0,0,0,0,0,0,0
440070027002,277,250,25,0,0,0,0,0,0,0,0,0,0,0,0,0,0,0
440070027003,372,336,33,0,0,0,0,0,0,0,0,0,0,0,0,0,0,0
440070027004,171,122,44,0,0,0,0,0,0,0,0,0,0,0,0,0,0,0
440070028001,577,419,153,0,0,0,0,0,0,0,0,0,0,0,0,0,0,0
440070028002,512,372,130,0,0,0,0,0,0,0,0,0,0,0,0,0,0,0
440070028003,401,292,103,0,0,0,0,0,0,0,0,0,0,0,0,0,0,0
440070028004,342,252,88,0,0,0,0,0,0,0,0,0,0,0,0,0,0,0
440070029001,499,358,128,0,0,0,0,0,0,0,0,0,0,0,0,0,0,0
440070029002,343,249,87,0,0,0,0,0,0,0,0,0,0,0,0,0,0,0
440070029003,550,408,133,0,0,0,0,0,0,0,0,0,0,0,0,0,0,0
440070029004,317,239,72,0,0,0,0,0,0,0,0,0,0,0,0,0,0,0
440070029005,703,509,180,0,0,0,0,0,0,0,0,0,0,0,0,0,0,0
440070031001,346,314,26,0,0,0,0,0,0,0,0,0,0,0,0,0,0,0
440070031002,278,254,21,0,0,0,0,0,0,0,0,0,0,0,0,0,0,0
440070031003,323,294,24,0,0,0,0,0,0,0,0,0,0,0,0,0,0,0
440070031004,372,311,59,0,0,0,0,0,0,0,0,0,0,0,0,0,0,0
440070031005,324,290,31,0,0,0,0,0,0,0,0,0,0,0,0,0,0,0
440070032001,446,348,94,0,0,0,0,0,0,0,0,0,0,0,0,0,0,0
440070032002,479,427,45,0,0,0,0,0,0,0,0,0,0,0,0,0,0,0
440070032003,450,398,45,0,0,0,0,0,0,0,0,0,0,0,0,0,0,0
440070032004,437,394,37,0,0,0,0,0,0,0,0,0,0,0,0,0,0,0
440070033001,873,736,126,0,0,0,0,0,0,0,0,0,0,0,0,0,0,0
440070033002,560,478,73,0,0,0,0,0,0,0,0,0,0,0,0,0,0,0
440070033003,664,580,72,0,0,0,0,0,0,0,0,0,0,0,0,0,0,0
440070033004,338,297,35,0,0,0,0,0,0,0,0,0,0,0,0,0,0,0
440070034001,679,525,148,0,0,0,0,0,0,0,0,0,0,0,0,0,0,0
440070034002,846,623,216,0,0,0,0,0,0,0,0,0,0,0,0,0,0,0
440070034003,522,432,83,0,0,0,0,0,0,0,0,0,0,0,0,0,0,0
440070034004,916,770,136,0,0,0,0,0,0,0,0,0,0,0,0,0,0,0
440070035001,539,443,88,0,0,0,0,0,0,0,0,0,0,0,0,0,0,0
440070035002,573,486,76,0,0,0,0,0,0,0,0,0,0,0,0,0,0,0
440070035003,317,274,38,0,0,0,0,0,0,0,0,0,0,0,0,0,0,0
440070035004,845,714,120,0,0,0,0,0,0,0,0,0,0,0,0,0,0,0
440070036011,399,332,65,0,0,0,0,0,0,0,0,0,0,0,0,0,0,0
440070036012,545,478,57,0,0,0,0,0,0,0,0,0,0,0,0,0,0,0
440070036021,515,452,56,0,0,0,0,0,0,0,0,0,0,0,0,0,0,0
440070036022,335,281,52,0,0,0,0,0,0,0,0,0,0,0,0,0,0,0
440070036023,917,794,113,0,0,0,0,0,0,0,0,0,0,0,0,0,0,0
440070037001,359,305,46,0,0,0,0,0,0,0,0,0,0,0,0,0,0,0
440070037002,442,376,57,0,0,0,0,0,0,0,0,0,0,0,0,0,0,0
440070037003,494,421,64,0,0,0,0,0,0,0,0,0,0,0,0,0,0,0
440070037004,285,243,38,0,0,0,0,0,0,0,0,0,0,0,0,0,0,0
440070101011,360,240,113,0,0,0,0,0,0,0,0,0,0,0,0,0,0,0
440070101012,345,221,118,0,0,0,0,0,0,0,0,0,0,0,0,0,0,0
440070101013,581,402,170,0,0,0,0,0,0,0,0,0,0,0,0,0,0,0
440070101014,577,385,181,0,0,0,0,0,0,0,0,0,0,0,0,0,0,0
440070101021,449,282,159,0,0,0,0,0,0,0,0,0,0,0,0,0,0,0
440070101022,521,328,184,0,0,0,0,0,0,0,0,0,0,0,0,0,0,0
440070101023,688,433,249,0,0,0,0,0,0,0,0,0,0,0,0,0,0,0
440070101024,468,293,167,0,0,0,0,0,0,0,0,0,0,0,0,0,0,0
440070102001,334,252,77,0,0,0,0,0,0,0,0,0,0,0,0,0,0,0
440070102002,221,181,36,0,0,0,0,0,0,0,0,0,0,0,0,0,0,0
440070102003,391,317,68,0,0,0,0,0,0,0,0,0,0,0,0,0,0,0
440070102004,330,252,74,0,0,0,0,0,0,0,0,0,0,0,0,0,0,0
440070102005,297,219,74,0,0,0,0,0,0,0,0,0,0,0,0,0,0,0
440070102006,294,227,63,0,0,0,0,0,0,0,0,0,0,0,0,0,0,0
440070102007,507,402,99,0,0,0,0,0,0,0,0,0,0,0,0,0,0,0
440070103001,914,651,251,0,0,0,0,0,0,0,0,0,0,0,0,0,0,0
440070103002,539,408,123,0,0,0,0,0,0,0,0,0,0,0,0,0,0,0
440070103003,430,332,94,0,0,0,0,0,0,0,0,0,0,0,0,0,0,0
440070104001,296,227,65,0,0,0,0,0,0,0,0,0,0,0,0,0,0,0
440070104002,690,556,121,0,0,0,0,0,0,0,0,0,0,0,0,0,0,0
440070104003,726,560,152,0,0,0,0,0,0,0,0,0,0,0,0,0,0,0
440070104004,490,369,113,0,0,0,0,0,0,0,0,0,0,0,0,0,0,0
440070104005,268,203,61,0,0,0,0,0,0,0,0,0,0,0,0,0,0,0
440070105011,788,552,226,0,0,0,0,0,0,0,0,0,0,0,0,0,0,0
440070105012,658,508,142,0,0,0,0,0,0,0,0,0,0,0,0,0,0,0
440070105013,686,479,199,0,0,0,0,0,0,0,0,0,0,0,0,0,0,0
440070105021,558,405,142,0,0,0,0,0,0,0,0,0,0,0,0,0,0,0
440070105022,340,264,73,0,0,0,0,0,0,0,0,0,0,0,0,0,0,0
440070105023,877,586,275,0,0,0,0,0,0,0,0,0,0,0,0,0,0,0
440070105024,388,259,121,0,0,0,0,0,0,0,0,0,0,0,0,0,0,0
440070106001,571,390,170,0,0,0,0,0,0,0,0,0,0,0,0,0,0,0
440070106002,1130,748,354,0,0,0,0,0,0,0,0,0,0,0,0,0,0,0
440070106003,241,162,72,0,0,0,0,0,0,0,0,0,0,0,0,0,0,0
440070106004,456,307,136,0,0,0,0,0,0,0,0,0,0,0,0,0,0,0
440070106005,358,243,106,0,0,0,0,0,0,0,0,0,0,0,0,0,0,0
440070106006,517,352,154,0,0,0,0,0,0,0,0,0,0,0,0,0,0,0
440070107011,974,613,341,0,0,0,0,0,0,0,0,0,0,0,0,0,0,0
440070107012,358,226,124,0,0,0,0,0,0,0,0,0,0,0,0,0,0,0
440070107021,429,269,151,0,0,0,0,0,0,0,0,0,0,0,0,0,0,0
440070107022,479,301,168,0,0,0,0,0,0,0,0,0,0,0,0,0,0,0
440070107023,404,263,135,0,0,0,0,0,0,0,0,0,0,0,0,0,0,0
440070107024,288,192,93,0,0,0,0,0,0,0,0,0,0,0,0,0,0,0
440070107025,759,521,222,0,0,0,0,0,0,0,0,0,0,0,0,0,0,0
440070108001,216,178,36,0,0,0,0,0,0,0,0,0,0,0,0,0,0,0
440070108002,482,405,70,0,0,0,0,0,0,0,0,0,0,0,0,0,0,0
440070108003,196,164,29,0,0,0,0,0,0,0,0,0,0,0,0,0,0,0
440070109001,281,219,59,0,0,0,0,0,0,0,0,0,0,0,0,0,0,0
440070109002,331,274,54,0,0,0,0,0,0,0,0,0,0,0,0,0,0,0
440070109003,340,256,79,0,0,0,0,0,0,0,0,0,0,0,0,0,0,0
440070110001,282,220,58,0,0,0,0,0,0,0,0,0,0,0,0,0,0,0
440070110002,452,380,69,0,0,0,0,0,0,0,0,0,0,0,0,0,0,0
440070110003,467,387,75,0,0,0,0,0,0,0,0,0,0,0,0,0,0,0
440070111001,301,239,58,0,0,0,0,0,0,0,0,0,0,0,0,0,0,0
440070111002,546,469,74,0,0,0,0,0,0,0,0,0,0,0,0,0,0,0
440070112001,453,277,166,0,0,0,0,0,0,0,0,0,0,0,0,0,0,0
440070112002,587,412,167,0,0,0,0,0,0,0,0,0,0,0,0,0,0,0
440070112003,290,204,82,0,0,0,0,0,0,0,0,0,0,0,0,0,0,0
440070112004,393,262,123,0,0,0,0,0,0,0,0,0,0,0,0,0,0,0
440070112005,436,284,144,0,0,0,0,0,0,0,0,0,0,0,0,0,0,0
440070113011,806,494,298,0,0,0,0,0,0,0,0,0,0,0,0,0,0,0
440070113012,403,267,128,0,0,0,0,0,0,0,0,0,0,0,0,0,0,0
440070113013,767,474,277,0,0,0,0,0,0,0,0,0,0,0,0,0,0,0
440070113021,656,381,263,0,0,0,0,0,0,0,0,0,0,0,0,0,0,0
440070113022,861,539,309,0,0,0,0,0,0,0,0,0,0,0,0,0,0,0
440070113023,629,377,241,0,0,0,0,0,0,0,0,0,0,0,0,0,0,0
440070114011,901,450,433,0,0,0,0,0,0,0,0,0,0,0,0,0,0,0
440070114012,976,547,417,0,0,0,0,0,0,0,0,0,0,0,0,0,0,0
440070114013,486,267,211,0,0,0,0,0,0,0,0,0,0,0,0,0,0,0
440070114014,990,506,468,0,0,0,0,0,0,0,0,0,0,0,0,0,0,0
440070114015,1304,693,591,0,0,0,0,0,0,0,0,0,0,0,0,0,0,0
440070114021,940,479,449,0,0,0,0,0,0,0,0,0,0,0,0,0,0,0
440070114022,1416,730,667,0,0,0,0,0,0,0,0,0,0,0,0,0,0,0
440070114031,333,186,139,0,0,0,0,0,0,0,0,0,0,0,0,0,0,0
440070114032,1227,701,506,0,0,0,0,0,0,0,0,0,0,0,0,0,0,0
440070114033,880,504,359,0,0,0,0,0,0,0,0,0,0,0,0,0,0,0
440070114034,1197,673,503,0,0,0,0,0,0,0,0,0,0,0,0,0,0,0
440070115001,1137,619,503,0,0,0,0,0,0,0,0,0,0,0,0,0,0,0
440070115002,453,283,162,0,0,0,0,0,0,0,0,0,0,0,0,0,0,0
440070115003,968,560,394,0,0,0,0,0,0,0,0,0,0,0,0,0,0,0
440070115004,443,277,158,0,0,0,0,0,0,0,0,0,0,0,0,0,0,0
440070116001,545,311,224,0,0,0,0,0,0,0,0,0,0,0,0,0,0,0
440070116002,714,339,369,0,0,0,0,0,0,0,0,0,0,0,0,0,0,0
440070116003,561,277,274,0,0,0,0,0,0,0,0,0,0,0,0,0,0,0
440070116004,1700,880,791,0,0,0,0,0,0,0,0,0,0,0,0,0,0,0
440070117011,1118,667,425,0,0,0,0,0,0,0,0,0,0,0,0,0,0,0
440070117012,831,480,341,0,0,0,0,0,0,0,0,0,0,0,0,0,0,0
440070117013,515,293,212,0,0,0,0,0,0,0,0,0,0,0,0,0,0,0
440070117021,615,358,247,0,0,0,0,0,0,0,0,0,0,0,0,0,0,0
440070117022,834,475,344,0,0,0,0,0,0,0,0,0,0,0,0,0,0,0
440070117023,846,445,387,0,0,0,0,0,0,0,0,0,0,0,0,0,0,0
440070118001,953,593,333,0,0,0,0,0,0,0,0,0,0,0,0,0,0,0
440070118002,626,429,188,0,0,0,0,0,0,0,0,0,0,0,0,0,0,0
440070118003,413,286,122,0,0,0,0,0,0,0,0,0,0,0,0,0,0,0
440070118004,487,293,184,0,0,0,0,0,0,0,0,0,0,0,0,0,0,0
440070118005,664,401,251,0,0,0,0,0,0,0,0,0,0,0,0,0,0,0
440070119011,946,602,329,0,0,0,0,0,0,0,0,0,0,0,0,0,0,0
440070119012,613,393,213,0,0,0,0,0,0,0,0,0,0,0,0,0,0,0
440070119021,1291,731,540,0,0,0,0,0,0,0,0,0,0,0,0,0,0,0
440070119022,748,411,328,0,0,0,0,0,0,0,0,0,0,0,0,0,0,0
440070119023,1018,543,462,0,0,0,0,0,0,0,0,0,0,0,0,0,0,0
440070120001,670,417,245,0,0,0,0,0,0,0,0,0,0,0,0,0,0,0
440070120002,886,559,316,0,0,0,0,0,0,0,0,0,0,0,0,0,0,0
440070120003,466,303,157,0,0,0,0,0,0,0,0,0,0,0,0,0,0,0
440070120004,466,290,168,0,0,0,0,0,0,0,0,0,0,0,0,0,0,0
440070120005,670,410,256,0,0,0,0,0,0,0,0,0,0,0,0,0,0,0
440070121021,570,359,202,0,0,0,0,0,0,0,0,0,0,0,0,0,0,0
440070121022,618,395,214,0,0,0,0,0,0,0,0,0,0,0,0,0,0,0
440070121023,501,327,168,0,0,0,0,0,0,0,0,0,0,0,0,0,0,0
440070121024,360,227,127,0,0,0,0,0,0,0,0,0,0,0,0,0,0,0
440070121031,711,460,241,0,0,0,0,0,0,0,0,0,0,0,0,0,0,0
440070121032,510,305,196,0,0,0,0,0,0,0,0,0,0,0,0,0,0,0
440070121041,464,299,157,0,0,0,0,0,0,0,0,0,0,0,0,0,0,0
440070121042,502,324,170,0,0,0,0,0,0,0,0,0,0,0,0,0,0,0
440070121043,983,597,366,0,0,0,0,0,0,0,0,0,0,0,0,0,0,0
440070122001,562,295,256,0,0,0,0,0,0,0,0,0,0,0,0,0,0,0
440070122002,1211,630,563,0,0,0,0,0,0,0,0,0,0,0,0,0,0,0
440070122003,364,194,163,0,0,0,0,0,0,0,0,0,0,0,0,0,0,0
440070122004,1707,847,833,0,0,0,0,0,0,0,0,0,0,0,0,0,0,0
440070123001,636,351,272,0,0,0,0,0,0,0,0,0,0,0,0,0,0,0
440070123002,1294,700,566,0,0,0,0,0,0,0,0,0,0,0,0,0,0,0
440070123003,1434,810,593,0,0,0,0,0,0,0,0,0,0,0,0,0,0,0
440070124011,323,203,113,0,0,0,0,0,0,0,0,0,0,0,0,0,0,0
440070124012,432,245,181,0,0,0,0,0,0,0,0,0,0,0,0,0,0,0
440070124013,506,309,187,0,0,0,0,0,0,0,0,0,0,0,0,0,0,0
440070124014,781,437,329,0,0,0,0,0,0,0,0,0,0,0,0,0,0,0
440070124015,308,161,141,0,0,0,0,0,0,0,0,0,0,0,0,0,0,0
440070124016,920,534,369,0,0,0,0,0,0,0,0,0,0,0,0,0,0,0
440070124021,615,336,261,0,0,0,0,0,0,0,0,0,0,0,0,0,0,0
440070124022,714,366,329,0,0,0,0,0,0,0,0,0,0,0,0,0,0,0
440070125001,744,440,289,0,0,0,0,0,0,0,0,0,0,0,0,0,0,0
440070125002,1051,627,403,0,0,0,0,0,0,0,0,0,0,0,0,0,0,0
440070125003,506,278,218,0,0,0,0,0,0,0,0,0,0,0,0,0,0,0
440070126011,463,236,218,0,0,0,0,0,0,0,0,0,0,0,0,0,0,0
440070126012,523,264,249,0,0,0,0,0,0,0,0,0,0,0,0,0,0,0
440070126021,610,334,264,0,0,0,0,0,0,0,0,0,0,0,0,0,0,0
440070126022,616,340,263,0,0,0,0,0,0,0,0,0,0,0,0,0,0,0
440070126023,614,352,250,0,0,0,0,0,0,0,0,0,0,0,0,0,0,0
440070126024,449,259,181,0,0,0,0,0,0,0,0,0,0,0,0,0,0,0
440070126025,527,264,254,0,0,0,0,0,0,0,0,0,0,0,0,0,0,0
440070126026,819,447,357,0,0,0,0,0,0,0,0,0,0,0,0,0,0,0
440070127011,650,336,303,0,0,0,0,0,0,0,0,0,0,0,0,0,0,0
440070127012,826,435,375,0,0,0,0,0,0,0,0,0,0,0,0,0,0,0
440070127013,1700,870,789,0,0,0,0,0,0,0,0,0,0,0,0,0,0,0
440070127021,1383,709,653,0,0,0,0,0,0,0,0,0,0,0,0,0,0,0
440070127022,540,294,232,0,0,0,0,0,0,0,0,0,0,0,0,0,0,0
440070127023,610,324,272,0,0,0,0,0,0,0,0,0,0,0,0,0,0,0
440070128011,662,352,303,0,0,0,0,0,0,0,0,0,0,0,0,0,0,0
440070128012,753,416,331,0,0,0,0,0,0,0,0,0,0,0,0,0,0,0
440070128013,940,547,372,0,0,0,0,0,0,0,0,0,0,0,0,0,0,0
440070128021,474,248,217,0,0,0,0,0,0,0,0,0,0,0,0,0,0,0
440070128022,814,429,367,0,0,0,0,0,0,0,0,0,0,0,0,0,0,0
440070128031,975,512,442,0,0,0,0,0,0,0,0,0,0,0,0,0,0,0
440070128032,1632,786,807,0,0,0,0,0,0,0,0,0,0,0,0,0,0,0
440070129001,686,386,285,0,0,0,0,0,0,0,0,0,0,0,0,0,0,0
440070129002,616,334,268,0,0,0,0,0,0,0,0,0,0,0,0,0,0,0
440070129003,389,201,178,0,0,0,0,0,0,0,0,0,0,0,0,0,0,0
440070129004,373,203,163,0,0,0,0,0,0,0,0,0,0,0,0,0,0,0
440070130011,480,244,223,0,0,0,0,0,0,0,0,0,0,0,0,0,0,0
440070130012,365,200,158,0,0,0,0,0,0,0,0,0,0,0,0,0,0,0
440070130013,633,352,269,0,0,0,0,0,0,0,0,0,0,0,0,0,0,0
440070130021,1344,647,667,0,0,0,0,0,0,0,0,0,0,0,0,0,0,0
440070130022,650,339,294,0,0,0,0,0,0,0,0,0,0,0,0,0,0,0
440070130023,751,414,318,0,0,0,0,0,0,0,0,0,0,0,0,0,0,0
440070130024,768,410,337,0,0,0,0,0,0,0,0,0,0,0,0,0,0,0
440070131011,1197,596,568,0,0,0,0,0,0,0,0,0,0,0,0,0,0,0
440070131012,724,377,332,0,0,0,0,0,0,0,0,0,0,0,0,0,0,0
440070131013,545,274,257,0,0,0,0,0,0,0,0,0,0,0,0,0,0,0
440070131021,996,466,517,0,0,0,0,0,0,0,0,0,0,0,0,0,0,0
440070131022,785,384,384,0,0,0,0,0,0,0,0,0,0,0,0,0,0,0
440070131023,1007,542,440,0,0,0,0,0,0,0,0,0,0,0,0,0,0,0
440070132011,460,207,244,0,0,0,0,0,0,0,0,0,0,0,0,0,0,0
440070132012,698,314,371,0,0,0,0,0,0,0,0,0,0,0,0,0,0,0
440070132013,827,386,417,0,0,0,0,0,0,0,0,0,0,0,0,0,0,0
440070132014,473,230,230,0,0,0,0,0,0,0,0,0,0,0,0,0,0,0
440070132021,1127,558,531,0,0,0,0,0,0,0,0,0,0,0,0,0,0,0
440070132022,1242,543,674,0,0,0,0,0,0,0,0,0,0,0,0,0,0,0
440070132023,1102,525,558,0,0,0,0,0,0,0,0,0,0,0,0,0,0,0
440070133001,710,376,310,0,0,0,0,0,0,0,0,0,0,0,0,0,0,0
440070133002,634,335,277,0,0,0,0,0,0,0,0,0,0,0,0,0,0,0
440070133003,613,314,285,0,0,0,0,0,0,0,0,0,0,0,0,0,0,0
440070133004,608,312,283,0,0,0,0,0,0,0,0,0,0,0,0,0,0,0
440070134001,475,364,106,0,0,0,0,0,0,0,0,0,0,0,0,0,0,0
440070134002,570,414,147,0,0,0,0,0,0,0,0,0,0,0,0,0,0,0
440070134003,343,237,99,0,0,0,0,0,0,0,0,0,0,0,0,0,0,0
440070134004,730,502,215,0,0,0,0,0,0,0,0,0,0,0,0,0,0,0
440070135001,444,348,91,0,0,0,0,0,0,0,0,0,0,0,0,0,0,0
440070135002,239,188,49,0,0,0,0,0,0,0,0,0,0,0,0,0,0,0
440070135003,290,228,59,0,0,0,0,0,0,0,0,0,0,0,0,0,0,0
440070135004,319,241,73,0,0,0,0,0,0,0,0,0,0,0,0,0,0,0
440070135005,830,598,216,0,0,0,0,0,0,0,0,0,0,0,0,0,0,0
440070136001,561,403,150,0,0,0,0,0,0,0,0,0,0,0,0,0,0,0
440070136002,260,180,78,0,0,0,0,0,0,0,0,0,0,0,0,0,0,0
440070136003,553,392,154,0,0,0,0,0,0,0,0,0,0,0,0,0,0,0
440070137011,433,311,116,0,0,0,0,0,0,0,0,0,0,0,0,0,0,0
440070137012,441,301,129,0,0,0,0,0,0,0,0,0,0,0,0,0,0,0
440070137013,363,238,118,0,0,0,0,0,0,0,0,0,0,0,0,0,0,0
440070137014,480,316,155,0,0,0,0,0,0,0,0,0,0,0,0,0,0,0
440070137021,419,295,118,0,0,0,0,0,0,0,0,0,0,0,0,0,0,0
440070137022,511,361,143,0,0,0,0,0,0,0,0,0,0,0,0,0,0,0
440070137023,419,284,131,0,0,0,0,0,0,0,0,0,0,0,0,0,0,0
440070138001,479,303,166,0,0,0,0,0,0,0,0,0,0,0,0,0,0,0
440070138002,495,313,172,0,0,0,0,0,0,0,0,0,0,0,0,0,0,0
440070138003,416,264,146,0,0,0,0,0,0,0,0,0,0,0,0,0,0,0
440070138004,486,319,163,0,0,0,0,0,0,0,0,0,0,0,0,0,0,0
440070138005,615,397,215,0,0,0,0,0,0,0,0,0,0,0,0,0,0,0
440070139001,449,237,206,0,0,0,0,0,0,0,0,0,0,0,0,0,0,0
440070139002,282,162,116,0,0,0,0,0,0,0,0,0,0,0,0,0,0,0
440070139003,470,259,204,0,0,0,0,0,0,0,0,0,0,0,0,0,0,0
440070140001,482,327,142,0,0,0,0,0,0,0,0,0,0,0,0,0,0,0
440070140002,543,372,156,0,0,0,0,0,0,0,0,0,0,0,0,0,0,0
440070140003,728,494,223,0,0,0,0,0,0,0,0,0,0,0,0,0,0,0
440070140004,359,214,138,0,0,0,0,0,0,0,0,0,0,0,0,0,0,0
440070140005,413,252,154,0,0,0,0,0,0,0,0,0,0,0,0,0,0,0
440070141001,511,341,160,0,0,0,0,0,0,0,0,0,0,0,0,0,0,0
440070141002,347,232,109,0,0,0,0,0,0,0,0,0,0,0,0,0,0,0
440070141003,299,215,80,0,0,0,0,0,0,0,0,0,0,0,0,0,0,0
440070141004,363,248,109,0,0,0,0,0,0,0,0,0,0,0,0,0,0,0
440070142001,345,203,138,0,0,0,0,0,0,0,0,0,0,0,0,0,0,0
440070142002,1299,740,537,0,0,0,0,0,0,0,0,0,0,0,0,0,0,0
440070142003,497,284,206,0,0,0,0,0,0,0,0,0,0,0,0,0,0,0
440070143001,307,180,121,0,0,0,0,0,0,0,0,0,0,0,0,0,0,0
440070143002,843,455,375,0,0,0,0,0,0,0,0,0,0,0,0,0,0,0
440070143003,777,416,352,0,0,0,0,0,0,0,0,0,0,0,0,0,0,0
440070143004,727,389,330,0,0,0,0,0,0,0,0,0,0,0,0,0,0,0
440070144001,1008,541,455,0,0,0,0,0,0,0,0,0,0,0,0,0,0,0
440070144002,284,158,121,0,0,0,0,0,0,0,0,0,0,0,0,0,0,0
440070144003,480,274,199,0,0,0,0,0,0,0,0,0,0,0,0,0,0,0
440070145011,1313,654,640,0,0,0,0,0,0,0,0,0,0,0,0,0,0,0
440070145012,498,257,235,0,0,0,0,0,0,0,0,0,0,0,0,0,0,0
440070145013,1071,560,496,0,0,0,0,0,0,0,0,0,0,0,0,0,0,0
440070145021,952,488,443,0,0,0,0,0,0,0,0,0,0,0,0,0,0,0
440070145022,890,495,377,0,0,0,0,0,0,0,0,0,0,0,0,0,0,0
440070145023,489,301,182,0,0,0,0,0,0,0,0,0,0,0,0,0,0,0
440070146001,564,316,239,0,0,0,0,0,0,0,0,0,0,0,0,0,0,0
440070146002,1915,906,980,0,0,0,0,0,0,0,0,0,0,0,0,0,0,0
440070146003,1272,683,576,0,0,0,0,0,0,0,0,0,0,0,0,0,0,0
440070147001,467,301,156,0,0,0,0,0,0,0,0,0,0,0,0,0,0,0
440070147002,502,329,164,0,0,0,0,0,0,0,0,0,0,0,0,0,0,0
440070147003,330,227,99,0,0,0,0,0,0,0,0,0,0,0,0,0,0,0
440070147004,386,231,151,0,0,0,0,0,0,0,0,0,0,0,0,0,0,0
440070147005,329,202,125,0,0,0,0,0,0,0,0,0,0,0,0,0,0,0
440070147006,445,278,161,0,0,0,0,0,0,0,0,0,0,0,0,0,0,0
440070148001,981,587,380,0,0,0,0,0,0,0,0,0,0,0,0,0,0,0
440070148002,936,502,421,0,0,0,0,0,0,0,0,0,0,0,0,0,0,0
440070148003,738,413,316,0,0,0,0,0,0,0,0,0,0,0,0,0,0,0
440070150001,694,507,174,0,0,0,0,0,0,0,0,0,0,0,0,0,0,0
440070150002,873,616,234,0,0,0,0,0,0,0,0,0,0,0,0,0,0,0
440070151001,426,397,27,0,0,0,0,0,0,0,0,0,0,0,0,0,0,0
440070151002,326,287,35,0,0,0,0,0,0,0,0,0,0,0,0,0,0,0
440070151003,302,268,33,0,0,0,0,0,0,0,0,0,0,0,0,0,0,0
440070152001,506,409,91,0,0,0,0,0,0,0,0,0,0,0,0,0,0,0
440070152002,210,172,35,0,0,0,0,0,0,0,0,0,0,0,0,0,0,0
440070153001,320,250,65,0,0,0,0,0,0,0,0,0,0,0,0,0,0,0
440070153002,256,198,53,0,0,0,0,0,0,0,0,0,0,0,0,0,0,0
440070154001,226,169,52,0,0,0,0,0,0,0,0,0,0,0,0,0,0,0
440070154002,356,271,76,0,0,0,0,0,0,0,0,0,0,0,0,0,0,0
440070155001,337,237,94,0,0,0,0,0,0,0,0,0,0,0,0,0,0,0
440070155002,312,220,87,0,0,0,0,0,0,0,0,0,0,0,0,0,0,0
440070155003,418,300,110,0,0,0,0,0,0,0,0,0,0,0,0,0,0,0
440070155004,268,189,75,0,0,0,0,0,0,0,0,0,0,0,0,0,0,0
440070156001,254,175,75,0,0,0,0,0,0,0,0,0,0,0,0,0,0,0
440070156002,213,153,55,0,0,0,0,0,0,0,0,0,0,0,0,0,0,0
440070156003,315,235,73,0,0,0,0,0,0,0,0,0,0,0,0,0,0,0
440070157001,444,280,158,0,0,0,0,0,0,0,0,0,0,0,0,0,0,0
440070157002,539,361,170,0,0,0,0,0,0,0,0,0,0,0,0,0,0,0
440070157003,575,371,196,0,0,0,0,0,0,0,0,0,0,0,0,0,0,0
440070157004,207,142,62,0,0,0,0,0,0,0,0,0,0,0,0,0,0,0
440070158001,392,264,120,0,0,0,0,0,0,0,0,0,0,0,0,0,0,0
440070158002,328,227,95,0,0,0,0,0,0,0,0,0,0,0,0,0,0,0
440070158003,285,194,86,0,0,0,0,0,0,0,0,0,0,0,0,0,0,0
440070158004,303,209,89,0,0,0,0,0,0,0,0,0,0,0,0,0,0,0
440070158005,295,209,81,0,0,0,0,0,0,0,0,0,0,0,0,0,0,0
440070159001,296,214,78,0,0,0,0,0,0,0,0,0,0,0,0,0,0,0
440070159002,272,191,75,0,0,0,0,0,0,0,0,0,0,0,0,0,0,0
440070159003,294,207,81,0,0,0,0,0,0,0,0,0,0,0,0,0,0,0
440070159004,225,166,54,0,0,0,0,0,0,0,0,0,0,0,0,0,0,0
440070160001,227,186,37,0,0,0,0,0,0,0,0,0,0,0,0,0,0,0
440070160002,282,213,63,0,0,0,0,0,0,0,0,0,0,0,0,0,0,0
440070160003,444,344,94,0,0,0,0,0,0,0,0,0,0,0,0,0,0,0
440070161001,171,138,31,0,0,0,0,0,0,0,0,0,0,0,0,0,0,0
440070161002,166,136,28,0,0,0,0,0,0,0,0,0,0,0,0,0,0,0
440070161003,308,260,45,0,0,0,0,0,0,0,0,0,0,0,0,0,0,0
440070161004,318,269,46,0,0,0,0,0,0,0,0,0,0,0,0,0,0,0
440070163001,492,337,143,0,0,0,0,0,0,0,0,0,0,0,0,0,0,0
440070163002,494,336,146,0,0,0,0,0,0,0,0,0,0,0,0,0,0,0
440070163003,286,196,82,0,0,0,0,0,0,0,0,0,0,0,0,0,0,0
440070164001,599,493,97,0,0,0,0,0,0,0,0,0,0,0,0,0,0,0
440070164002,463,373,83,0,0,0,0,0,0,0,0,0,0,0,0,0,0,0
440070164003,169,147,20,0,0,0,0,0,0,0,0,0,0,0,0,0,0,0
440070165001,634,515,109,0,0,0,0,0,0,0,0,0,0,0,0,0,0,0
440070165002,574,458,110,0,0,0,0,0,0,0,0,0,0,0,0,0,0,0
440070165003,432,345,83,0,0,0,0,0,0,0,0,0,0,0,0,0,0,0
440070166001,715,581,122,0,0,0,0,0,0,0,0,0,0,0,0,0,0,0
440070167001,412,326,78,0,0,0,0,0,0,0,0,0,0,0,0,0,0,0
440070167002,559,436,115,0,0,0,0,0,0,0,0,0,0,0,0,0,0,0
440070168001,441,301,131,0,0,0,0,0,0,0,0,0,0,0,0,0,0,0
440070168002,366,242,118,0,0,0,0,0,0,0,0,0,0,0,0,0,0,0
440070168003,561,374,175,0,0,0,0,0,0,0,0,0,0,0,0,0,0,0
440070169001,353,231,116,0,0,0,0,0,0,0,0,0,0,0,0,0,0,0
440070169002,392,256,129,0,0,0,0,0,0,0,0,0,0,0,0,0,0,0
440070169003,426,278,140,0,0,0,0,0,0,0,0,0,0,0,0,0,0,0
440070170001,418,287,123,0,0,0,0,0,0,0,0,0,0,0,0,0,0,0
440070170002,950,654,278,0,0,0,0,0,0,0,0,0,0,0,0,0,0,0
440070170003,252,170,77,0,0,0,0,0,0,0,0,0,0,0,0,0,0,0
440070170004,356,240,108,0,0,0,0,0,0,0,0,0,0,0,0,0,0,0
440070171001,331,246,81,0,0,0,0,0,0,0,0,0,0,0,0,0,0,0
440070171002,268,205,58,0,0,0,0,0,0,0,0,0,0,0,0,0,0,0
440070171003,793,610,171,0,0,0,0,0,0,0,0,0,0,0,0,0,0,0
440070171004,290,215,72,0,0,0,0,0,0,0,0,0,0,0,0,0,0,0
440070173001,413,247,158,0,0,0,0,0,0,0,0,0,0,0,0,0,0,0
440070173002,555,345,199,0,0,0,0,0,0,0,0,0,0,0,0,0,0,0
440070173003,261,153,103,0,0,0,0,0,0,0,0,0,0,0,0,0,0,0
440070174001,396,278,114,0,0,0,0,0,0,0,0,0,0,0,0,0,0,0
440070174002,232,163,65,0,0,0,0,0,0,0,0,0,0,0,0,0,0,0
440070174003,334,237,93,0,0,0,0,0,0,0,0,0,0,0,0,0,0,0
440070175001,325,221,101,0,0,0,0,0,0,0,0,0,0,0,0,0,0,0
440070175002,374,250,121,0,0,0,0,0,0,0,0,0,0,0,0,0,0,0
440070175003,435,271,158,0,0,0,0,0,0,0,0,0,0,0,0,0,0,0
440070176001,315,219,93,0,0,0,0,0,0,0,0,0,0,0,0,0,0,0
440070176002,429,290,135,0,0,0,0,0,0,0,0,0,0,0,0,0,0,0
440070177001,468,271,186,0,0,0,0,0,0,0,0,0,0,0,0,0,0,0
440070177002,474,290,175,0,0,0,0,0,0,0,0,0,0,0,0,0,0,0
440070177003,406,259,142,0,0,0,0,0,0,0,0,0,0,0,0,0,0,0
440070178001,331,192,131,0,0,0,0,0,0,0,0,0,0,0,0,0,0,0
440070178002,279,185,91,0,0,0,0,0,0,0,0,0,0,0,0,0,0,0
440070178003,213,148,63,0,0,0,0,0,0,0,0,0,0,0,0,0,0,0
440070179001,152,101,48,0,0,0,0,0,0,0,0,0,0,0,0,0,0,0
440070179002,283,188,88,0,0,0,0,0,0,0,0,0,0,0,0,0,0,0
440070179003,289,192,90,0,0,0,0,0,0,0,0,0,0,0,0,0,0,0
440070180001,286,204,77,0,0,0,0,0,0,0,0,0,0,0,0,0,0,0
440070180002,248,176,67,0,0,0,0,0,0,0,0,0,0,0,0,0,0,0
440070180003,194,136,54,0,0,0,0,0,0,0,0,0,0,0,0,0,0,0
440070181001,245,180,61,0,0,0,0,0,0,0,0,0,0,0,0,0,0,0
440070181002,424,300,118,0,0,0,0,0,0,0,0,0,0,0,0,0,0,0
440070182001,427,294,126,0,0,0,0,0,0,0,0,0,0,0,0,0,0,0
440070182002,299,203,91,0,0,0,0,0,0,0,0,0,0,0,0,0,0,0
440070183001,500,319,175,0,0,0,0,0,0,0,0,0,0,0,0,0,0,0
440070184001,640,417,214,0,0,0,0,0,0,0,0,0,0,0,0,0,0,0
440070184002,408,252,148,0,0,0,0,0,0,0,0,0,0,0,0,0,0,0
440070184003,456,308,143,0,0,0,0,0,0,0,0,0,0,0,0,0,0,0
440070184004,437,269,159,0,0,0,0,0,0,0,0,0,0,0,0,0,0,0
440070184005,631,421,198,0,0,0,0,0,0,0,0,0,0,0,0,0,0,0
440070185001,229,142,85,0,0,0,0,0,0,0,0,0,0,0,0,0,0,0
440070185002,581,355,217,0,0,0,0,0,0,0,0,0,0,0,0,0,0,0
440070185003,316,202,111,0,0,0,0,0,0,0,0,0,0,0,0,0,0,0
440090415001,936,669,252,0,0,0,0,0,0,0,0,0,0,0,0,0,0,0
440090415002,124,89,33,0,0,0,0,0,0,0,0,0,0,0,0,0,0,0
440090501021,711,427,270,0,0,0,0,0,0,0,0,0,0,0,0,0,0,0
440090501022,549,279,264,0,0,0,0,0,0,0,0,0,0,0,0,0,0,0
440090501031,841,501,320,0,0,0,0,0,0,0,0,0,0,0,0,0,0,0
440090501032,323,195,121,0,0,0,0,0,0,0,0,0,0,0,0,0,0,0
440090501033,555,345,198,0,0,0,0,0,0,0,0,0,0,0,0,0,0,0
440090501034,407,253,145,0,0,0,0,0,0,0,0,0,0,0,0,0,0,0
440090501035,506,286,213,0,0,0,0,0,0,0,0,0,0,0,0,0,0,0
440090501041,1722,936,762,0,0,0,0,0,0,0,0,0,0,0,0,0,0,0
440090501042,706,371,328,0,0,0,0,0,0,0,0,0,0,0,0,0,0,0
440090503011,1221,647,560,0,0,0,0,0,0,0,0,0,0,0,0,0,0,0
440090503012,579,338,229,0,0,0,0,0,0,0,0,0,0,0,0,0,0,0
440090503013,863,489,357,0,0,0,0,0,0,0,0,0,0,0,0,0,0,0
440090503021,621,386,221,0,0,0,0,0,0,0,0,0,0,0,0,0,0,0
440090503022,535,321,205,0,0,0,0,0,0,0,0,0,0,0,0,0,0,0
440090503023,530,323,196,0,0,0,0,0,0,0,0,0,0,0,0,0,0,0
440090504011,927,515,402,0,0,0,0,0,0,0,0,0,0,0,0,0,0,0
440090504012,1693,867,800,0,0,0,0,0,0,0,0,0,0,0,0,0,0,0
440090504021,458,285,163,0,0,0,0,0,0,0,0,0,0,0,0,0,0,0
440090504022,554,326,221,0,0,0,0,0,0,0,0,0,0,0,0,0,0,0
440090504023,794,472,310,0,0,0,0,0,0,0,0,0,0,0,0,0,0,0
440090505001,1385,745,613,0,0,0,0,0,0,0,0,0,0,0,0,0,0,0
440090505002,538,284,242,0,0,0,0,0,0,0,0,0,0,0,0,0,0,0
440090505003,1353,734,592,0,0,0,0,0,0,0,0,0,0,0,0,0,0,0
440090506001,718,396,307,0,0,0,0,0,0,0,0,0,0,0,0,0,0,0
440090506002,887,507,364,0,0,0,0,0,0,0,0,0,0,0,0,0,0,0
440090506003,1087,632,434,0,0,0,0,0,0,0,0,0,0,0,0,0,0,0
440090506004,1318,738,549,0,0,0,0,0,0,0,0,0,0,0,0,0,0,0
440090507001,926,520,384,0,0,0,0,0,0,0,0,0,0,0,0,0,0,0
440090507002,521,285,221,0,0,0,0,0,0,0,0,0,0,0,0,0,0,0
440090507003,1024,574,426,0,0,0,0,0,0,0,0,0,0,0,0,0,0,0
440090507004,583,325,244,0,0,0,0,0,0,0,0,0,0,0,0,0,0,0
440090507005,464,253,197,0,0,0,0,0,0,0,0,0,0,0,0,0,0,0
440090507006,523,290,219,0,0,0,0,0,0,0,0,0,0,0,0,0,0,0
440090508011,540,327,204,0,0,0,0,0,0,0,0,0,0,0,0,0,0,0
440090508012,508,308,189,0,0,0,0,0,0,0,0,0,0,0,0,0,0,0
440090508013,471,290,173,0,0,0,0,0,0,0,0,0,0,0,0,0,0,0
440090508014,473,298,164,0,0,0,0,0,0,0,0,0,0,0,0,0,0,0
440090508015,346,211,128,0,0,0,0,0,0,0,0,0,0,0,0,0,0,0
440090508021,819,486,321,0,0,0,0,0,0,0,0,0,0,0,0,0,0,0
440090508022,1144,655,470,0,0,0,0,0,0,0,0,0,0,0,0,0,0,0
440090509011,690,402,276,0,0,0,0,0,0,0,0,0,0,0,0,0,0,0
440090509012,1240,724,495,0,0,0,0,0,0,0,0,0,0,0,0,0,0,0
440090509013,903,503,384,0,0,0,0,0,0,0,0,0,0,0,0,0,0,0
440090509021,586,340,233,0,0,0,0,0,0,0,0,0,0,0,0,0,0,0
440090509022,1076,591,468,0,0,0,0,0,0,0,0,0,0,0,0,0,0,0
440090509023,738,409,318,0,0,0,0,0,0,0,0,0,0,0,0,0,0,0
440090509024,708,354,342,0,0,0,0,0,0,0,0,0,0,0,0,0,0,0
440090510001,330,156,169,0,0,0,0,0,0,0,0,0,0,0,0,0,0,0
440090510002,220,120,96,0,0,0,0,0,0,0,0,0,0,0,0,0,0,0
440090510003,150,71,77,0,0,0,0,0,0,0,0,0,0,0,0,0,0,0
440090510004,165,84,78,0,0,0,0,0,0,0,0,0,0,0,0,0,0,0
440090510005,292,161,125,0,0,0,0,0,0,0,0,0,0,0,0,0,0,0
440090511011,148,81,65,0,0,0,0,0,0,0,0,0,0,0,0,0,0,0
440090511012,371,206,159,0,0,0,0,0,0,0,0,0,0,0,0,0,0,0
440090511013,1145,682,445,0,0,0,0,0,0,0,0,0,0,0,0,0,0,0
440090511014,1006,625,353,0,0,0,0,0,0,0,0,0,0,0,0,0,0,0
440090511021,1345,824,490,0,0,0,0,0,0,0,0,0,0,0,0,0,0,0
440090511022,182,104,75,0,0,0,0,0,0,0,0,0,0,0,0,0,0,0
440090511023,258,148,106,0,0,0,0,0,0,0,0,0,0,0,0,0,0,0
440090512011,574,413,153,0,0,0,0,0,0,0,0,0,0,0,0,0,0,0
440090512012,1587,1069,486,0,0,0,0,0,0,0,0,0,0,0,0,0,0,0
440090512021,800,577,210,0,0,0,0,0,0,0,0,0,0,0,0,0,0,0
440090512022,429,309,113,0,0,0,0,0,0,0,0,0,0,0,0,0,0,0
440090512023,517,352,155,0,0,0,0,0,0,0,0,0,0,0,0,0,0,0
440090512024,560,403,149,0,0,0,0,0,0,0,0,0,0,0,0,0,0,0
440090513021,398,222,171,0,0,0,0,0,0,0,0,0,0,0,0,0,0,0
440090513022,288,181,102,0,0,0,0,0,0,0,0,0,0,0,0,0,0,0
440090513023,264,166,94,0,0,0,0,0,0,0,0,0,0,0,0,0,0,0
440090513024,14,9,5,0,0,0,0,0,0,0,0,0,0,0,0,0,0,0
440090513025,692,435,246,0,0,0,0,0,0,0,0,0,0,0,0,0,0,0
440090513026,900,528,358,0,0,0,0,0,0,0,0,0,0,0,0,0,0,0
440090513041,1195,735,443,0,0,0,0,0,0,0,0,0,0,0,0,0,0,0
440090513051,1697,1074,594,0,0,0,0,0,0,0,0,0,0,0,0,0,0,0
440090513052,777,483,280,0,0,0,0,0,0,0,0,0,0,0,0,0,0,0
440090513061,1234,788,417,0,0,0,0,0,0,0,0,0,0,0,0,0,0,0
440090513062,555,368,176,0,0,0,0,0,0,0,0,0,0,0,0,0,0,0
440090513063,1527,1021,484,0,0,0,0,0,0,0,0,0,0,0,0,0,0,0
440090514001,263,203,53,0,0,0,0,0,0,0,0,0,0,0,0,0,0,0
440090515021,633,373,252,0,0,0,0,0,0,0,0,0,0,0,0,0,0,0
440090515022,309,173,132,0,0,0,0,0,0,0,0,0,0,0,0,0,0,0
440090515023,929,538,376,0,0,0,0,0,0,0,0,0,0,0,0,0,0,0
440090515024,1178,779,376,0,0,0,0,0,0,0,0,0,0,0,0,0,0,0
440090515025,933,597,319,0,0,0,0,0,0,0,0,0,0,0,0,0,0,0
440090515031,518,314,198,0,0,0,0,0,0,0,0,0,0,0,0,0,0,0
440090515032,743,500,236,0,0,0,0,0,0,0,0,0,0,0,0,0,0,0
440090515033,880,506,363,0,0,0,0,0,0,0,0,0,0,0,0,0,0,0
440090515041,555,303,241,0,0,0,0,0,0,0,0,0,0,0,0,0,0,0
440090515042,503,280,218,0,0,0,0,0,0,0,0,0,0,0,0,0,0,0
440090515043,415,228,181,0,0,0,0,0,0,0,0,0,0,0,0,0,0,0
440090515044,684,392,278,0,0,0,0,0,0,0,0,0,0,0,0,0,0,0
440099901000,0,0,0,0,0,0,0,0,0,0,0,0,0,0,0,0,0,0
440099902000,0,0,0,0,0,0,0,0,0,0,0,0,0,0,0,0,0,0