GEOID10,Tot_2008_pres,Dem_2008_pres,Rep_2008_pres,Tot_2016_ag,Dem_2016_ag,Rep_2016_ag,Tot_2016_pres,Dem_2016_pres,Rep_2016_pres,Tot_2016_gov,Dem_2016_gov,Rep_2016_gov,Tot_2018_sen,Dem_2018_sen,Rep_2018_sen
300010001001,350,78,260,0,0,0,0,0,0,0,0,0,0,0,0
300010001002,412,84,318,0,0,0,0,0,0,0,0,0,0,0,0
300010002001,897,247,630,0,0,0,0,0,0,0,0,0,0,0,0
300010002002,1009,278,698,0,0,0,0,0,0,0,0,0,0,0,0
300010003001,511,211,289,0,0,0,0,0,0,0,0,0,0,0,0
300010003002,374,164,194,0,0,0,0,0,0,0,0,0,0,0,0
300010003003,457,215,225,0,0,0,0,0,0,0,0,0,0,0,0
300010003004,753,340,394,0,0,0,0,0,0,0,0,0,0,0,0
300030001001,367,176,177,0,0,0,0,0,0,0,0,0,0,0,0
300030001002,659,299,347,0,0,0,0,0,0,0,0,0,0,0,0
300030001003,325,167,152,0,0,0,0,0,0,0,0,0,0,0,0
300030001004,327,85,237,0,0,0,0,0,0,0,0,0,0,0,0
300039404001,399,280,112,0,0,0,0,0,0,0,0,0,0,0,0
300039405001,327,172,149,0,0,0,0,0,0,0,0,0,0,0,0
300039405002,417,328,88,0,0,0,0,0,0,0,0,0,0,0,0
300039406001,675,565,105,0,0,0,0,0,0,0,0,0,0,0,0
300039406002,672,580,88,0,0,0,0,0,0,0,0,0,0,0,0
300039407001,580,458,115,0,0,0,0,0,0,0,0,0,0,0,0
300039407002,470,406,58,0,0,0,0,0,0,0,0,0,0,0,0
300050001001,284,118,156,0,0,0,0,0,0,0,0,0,0,0,0
300050001002,386,220,154,0,0,0,0,0,0,0,0,0,0,0,0
300050002001,500,135,343,0,0,0,0,0,0,0,0,0,0,0,0
300050002002,283,109,164,0,0,0,0,0,0,0,0,0,0,0,0
300050002003,433,174,244,0,0,0,0,0,0,0,0,0,0,0,0
300059401001,545,496,40,0,0,0,0,0,0,0,0,0,0,0,0
300059402001,252,234,15,0,0,0,0,0,0,0,0,0,0,0,0
300059402002,241,216,23,0,0,0,0,0,0,0,0,0,0,0,0
300070001001,482,161,309,0,0,0,0,0,0,0,0,0,0,0,0
300070001002,520,179,328,0,0,0,0,0,0,0,0,0,0,0,0
300070002001,1107,334,743,0,0,0,0,0,0,0,0,0,0,0,0
300070002002,698,183,495,0,0,0,0,0,0,0,0,0,0,0,0
300090001001,365,109,240,0,0,0,0,0,0,0,0,0,0,0,0
300090001002,333,133,186,0,0,0,0,0,0,0,0,0,0,0,0
300090001003,620,204,395,0,0,0,0,0,0,0,0,0,0,0,0
300090002001,481,146,320,0,0,0,0,0,0,0,0,0,0,0,0
300090002002,402,142,239,0,0,0,0,0,0,0,0,0,0,0,0
300090003001,673,414,245,0,0,0,0,0,0,0,0,0,0,0,0
300090003002,382,247,124,0,0,0,0,0,0,0,0,0,0,0,0
300090003003,309,179,123,0,0,0,0,0,0,0,0,0,0,0,0
300090004001,617,215,378,0,0,0,0,0,0,0,0,0,0,0,0
300090004002,759,354,382,0,0,0,0,0,0,0,0,0,0,0,0
300090005001,805,300,476,0,0,0,0,0,0,0,0,0,0,0,0
300110003001,376,77,284,0,0,0,0,0,0,0,0,0,0,0,0
300110003002,339,34,289,0,0,0,0,0,0,0,0,0,0,0,0
300130001001,434,201,222,0,0,0,0,0,0,0,0,0,0,0,0
300130001002,349,178,162,0,0,0,0,0,0,0,0,0,0,0,0
300130002001,485,265,207,0,0,0,0,0,0,0,0,0,0,0,0
300130002002,567,308,245,0,0,0,0,0,0,0,0,0,0,0,0
300130002003,710,392,300,0,0,0,0,0,0,0,0,0,0,0,0
300130003001,369,202,159,0,0,0,0,0,0,0,0,0,0,0,0
300130003002,452,261,182,0,0,0,0,0,0,0,0,0,0,0,0
300130003003,287,165,116,0,0,0,0,0,0,0,0,0,0,0,0
300130003004,350,191,149,0,0,0,0,0,0,0,0,0,0,0,0
300130004001,449,261,178,0,0,0,0,0,0,0,0,0,0,0,0
300130004002,297,179,111,0,0,0,0,0,0,0,0,0,0,0,0
300130007001,318,206,104,0,0,0,0,0,0,0,0,0,0,0,0
300130007002,343,203,131,0,0,0,0,0,0,0,0,0,0,0,0
300130008001,328,203,116,0,0,0,0,0,0,0,0,0,0,0,0
300130008002,296,194,96,0,0,0,0,0,0,0,0,0,0,0,0
300130009001,299,164,126,0,0,0,0,0,0,0,0,0,0,0,0
300130009002,302,174,122,0,0,0,0,0,0,0,0,0,0,0,0
300130009003,390,255,127,0,0,0,0,0,0,0,0,0,0,0,0
300130009004,278,155,115,0,0,0,0,0,0,0,0,0,0,0,0
300130010001,559,299,249,0,0,0,0,0,0,0,0,0,0,0,0
300130010002,576,299,267,0,0,0,0,0,0,0,0,0,0,0,0
300130010003,347,183,157,0,0,0,0,0,0,0,0,0,0,0,0
300130010004,319,174,137,0,0,0,0,0,0,0,0,0,0,0,0
300130011001,444,224,214,0,0,0,0,0,0,0,0,0,0,0,0
300130011002,509,253,249,0,0,0,0,0,0,0,0,0,0,0,0
300130011003,561,285,267,0,0,0,0,0,0,0,0,0,0,0,0
300130011004,634,334,290,0,0,0,0,0,0,0,0,0,0,0,0
300130012001,155,64,87,0,0,0,0,0,0,0,0,0,0,0,0
300130012002,431,178,242,0,0,0,0,0,0,0,0,0,0,0,0
300130016001,282,179,93,0,0,0,0,0,0,0,0,0,0,0,0
300130016002,391,208,169,0,0,0,0,0,0,0,0,0,0,0,0
300130016003,361,217,131,0,0,0,0,0,0,0,0,0,0,0,0
300130016004,316,168,137,0,0,0,0,0,0,0,0,0,0,0,0
300130016005,287,182,95,0,0,0,0,0,0,0,0,0,0,0,0
300130017001,268,128,129,0,0,0,0,0,0,0,0,0,0,0,0
300130017002,404,217,174,0,0,0,0,0,0,0,0,0,0,0,0
300130017003,351,144,200,0,0,0,0,0,0,0,0,0,0,0,0
300130018001,394,195,187,0,0,0,0,0,0,0,0,0,0,0,0
300130018002,452,219,223,0,0,0,0,0,0,0,0,0,0,0,0
300130018003,398,193,196,0,0,0,0,0,0,0,0,0,0,0,0
300130018004,719,354,344,0,0,0,0,0,0,0,0,0,0,0,0
300130019001,686,366,306,0,0,0,0,0,0,0,0,0,0,0,0
300130019002,1179,600,555,0,0,0,0,0,0,0,0,0,0,0,0
300130019003,859,420,420,0,0,0,0,0,0,0,0,0,0,0,0
300130021001,546,241,295,0,0,0,0,0,0,0,0,0,0,0,0
300130021002,503,234,261,0,0,0,0,0,0,0,0,0,0,0,0
300130021003,648,316,320,0,0,0,0,0,0,0,0,0,0,0,0
300130021004,426,225,191,0,0,0,0,0,0,0,0,0,0,0,0
300130022001,625,335,275,0,0,0,0,0,0,0,0,0,0,0,0
300130022002,411,216,183,0,0,0,0,0,0,0,0,0,0,0,0
300130022003,526,293,218,0,0,0,0,0,0,0,0,0,0,0,0
300130022004,809,419,368,0,0,0,0,0,0,0,0,0,0,0,0
300130022005,344,180,154,0,0,0,0,0,0,0,0,0,0,0,0
300130023001,1422,568,832,0,0,0,0,0,0,0,0,0,0,0,0
300130023002,668,302,359,0,0,0,0,0,0,0,0,0,0,0,0
300130023003,968,408,550,0,0,0,0,0,0,0,0,0,0,0,0
300130023004,996,401,575,0,0,0,0,0,0,0,0,0,0,0,0
300130101001,718,323,361,0,0,0,0,0,0,0,0,0,0,0,0
300130101002,361,199,149,0,0,0,0,0,0,0,0,0,0,0,0
300130101003,407,187,209,0,0,0,0,0,0,0,0,0,0,0,0
300130104001,405,167,227,0,0,0,0,0,0,0,0,0,0,0,0
300130104002,589,241,331,0,0,0,0,0,0,0,0,0,0,0,0
300130106001,520,221,286,0,0,0,0,0,0,0,0,0,0,0,0
300130106002,462,190,262,0,0,0,0,0,0,0,0,0,0,0,0
300130106003,400,181,210,0,0,0,0,0,0,0,0,0,0,0,0
300130106004,443,181,252,0,0,0,0,0,0,0,0,0,0,0,0
300130107001,694,282,385,0,0,0,0,0,0,0,0,0,0,0,0
300130107002,642,228,391,0,0,0,0,0,0,0,0,0,0,0,0
300130107003,649,241,388,0,0,0,0,0,0,0,0,0,0,0,0
300130108001,342,212,117,0,0,0,0,0,0,0,0,0,0,0,0
300130108002,465,290,157,0,0,0,0,0,0,0,0,0,0,0,0
300130108003,214,143,65,0,0,0,0,0,0,0,0,0,0,0,0
300150102001,642,257,370,0,0,0,0,0,0,0,0,0,0,0,0
300150102002,617,256,338,0,0,0,0,0,0,0,0,0,0,0,0
300150103001,359,132,211,0,0,0,0,0,0,0,0,0,0,0,0
300150103002,688,226,436,0,0,0,0,0,0,0,0,0,0,0,0
300150103003,422,119,278,0,0,0,0,0,0,0,0,0,0,0,0
300150103004,133,132,1,0,0,0,0,0,0,0,0,0,0,0,0
300179613001,587,158,414,0,0,0,0,0,0,0,0,0,0,0,0
300179613002,453,118,322,0,0,0,0,0,0,0,0,0,0,0,0
300179615001,282,144,126,0,0,0,0,0,0,0,0,0,0,0,0
300179615002,407,192,202,0,0,0,0,0,0,0,0,0,0,0,0
300179616001,409,167,235,0,0,0,0,0,0,0,0,0,0,0,0
300179616002,296,135,154,0,0,0,0,0,0,0,0,0,0,0,0
300179616003,300,128,167,0,0,0,0,0,0,0,0,0,0,0,0
300179618001,418,182,227,0,0,0,0,0,0,0,0,0,0,0,0
300179618002,365,159,198,0,0,0,0,0,0,0,0,0,0,0,0
300179619001,475,208,256,0,0,0,0,0,0,0,0,0,0,0,0
300179619002,537,230,298,0,0,0,0,0,0,0,0,0,0,0,0
300179620001,335,162,162,0,0,0,0,0,0,0,0,0,0,0,0
300179620002,272,139,122,0,0,0,0,0,0,0,0,0,0,0,0
300179620003,316,145,164,0,0,0,0,0,0,0,0,0,0,0,0
300190203001,458,129,313,0,0,0,0,0,0,0,0,0,0,0,0
300190203002,615,214,381,0,0,0,0,0,0,0,0,0,0,0,0
300210001001,412,128,262,0,0,0,0,0,0,0,0,0,0,0,0
300210001002,442,119,305,0,0,0,0,0,0,0,0,0,0,0,0
300210002001,312,102,194,0,0,0,0,0,0,0,0,0,0,0,0
300210002002,316,96,206,0,0,0,0,0,0,0,0,0,0,0,0
300210002003,375,133,223,0,0,0,0,0,0,0,0,0,0,0,0
300210002004,337,116,205,0,0,0,0,0,0,0,0,0,0,0,0
300210003001,894,331,530,0,0,0,0,0,0,0,0,0,0,0,0
300210003002,268,108,146,0,0,0,0,0,0,0,0,0,0,0,0
300210003003,334,135,184,0,0,0,0,0,0,0,0,0,0,0,0
300210003004,408,188,202,0,0,0,0,0,0,0,0,0,0,0,0
300210003005,334,137,182,0,0,0,0,0,0,0,0,0,0,0,0
300230003001,509,346,141,0,0,0,0,0,0,0,0,0,0,0,0
300230003002,395,280,102,0,0,0,0,0,0,0,0,0,0,0,0
300230003003,456,320,123,0,0,0,0,0,0,0,0,0,0,0,0
300230004001,737,492,228,0,0,0,0,0,0,0,0,0,0,0,0
300230004002,493,341,134,0,0,0,0,0,0,0,0,0,0,0,0
300230004003,457,324,117,0,0,0,0,0,0,0,0,0,0,0,0
300230004004,428,301,109,0,0,0,0,0,0,0,0,0,0,0,0
300230005001,308,160,140,0,0,0,0,0,0,0,0,0,0,0,0
300230005002,592,375,197,0,0,0,0,0,0,0,0,0,0,0,0
300230005003,278,181,88,0,0,0,0,0,0,0,0,0,0,0,0
300230005004,421,282,123,0,0,0,0,0,0,0,0,0,0,0,0
300250001001,533,92,417,0,0,0,0,0,0,0,0,0,0,0,0
300250001002,505,134,359,0,0,0,0,0,0,0,0,0,0,0,0
300250001003,394,92,288,0,0,0,0,0,0,0,0,0,0,0,0
300270301001,728,189,512,0,0,0,0,0,0,0,0,0,0,0,0
300270301002,741,156,561,0,0,0,0,0,0,0,0,0,0,0,0
300270301003,1488,422,1019,0,0,0,0,0,0,0,0,0,0,0,0
300270302001,1089,358,699,0,0,0,0,0,0,0,0,0,0,0,0
300270302002,1026,377,624,0,0,0,0,0,0,0,0,0,0,0,0
300270302003,1160,431,693,0,0,0,0,0,0,0,0,0,0,0,0
300290001001,357,150,187,0,0,0,0,0,0,0,0,0,0,0,0
300290001002,873,379,455,0,0,0,0,0,0,0,0,0,0,0,0
300290001003,373,130,210,0,0,0,0,0,0,0,0,0,0,0,0
300290002011,944,353,528,0,0,0,0,0,0,0,0,0,0,0,0
300290002012,491,200,271,0,0,0,0,0,0,0,0,0,0,0,0
300290002013,617,201,386,0,0,0,0,0,0,0,0,0,0,0,0
300290002021,647,186,423,0,0,0,0,0,0,0,0,0,0,0,0
300290002022,666,199,428,0,0,0,0,0,0,0,0,0,0,0,0
300290002031,985,370,573,0,0,0,0,0,0,0,0,0,0,0,0
300290002032,478,203,254,0,0,0,0,0,0,0,0,0,0,0,0
300290002033,411,167,226,0,0,0,0,0,0,0,0,0,0,0,0
300290003001,389,199,176,0,0,0,0,0,0,0,0,0,0,0,0
300290003002,575,304,249,0,0,0,0,0,0,0,0,0,0,0,0
300290003003,280,164,104,0,0,0,0,0,0,0,0,0,0,0,0
300290003004,570,347,198,0,0,0,0,0,0,0,0,0,0,0,0
300290003005,637,307,293,0,0,0,0,0,0,0,0,0,0,0,0
300290004011,991,510,445,0,0,0,0,0,0,0,0,0,0,0,0
300290004012,1139,516,572,0,0,0,0,0,0,0,0,0,0,0,0
300290004013,157,83,69,0,0,0,0,0,0,0,0,0,0,0,0
300290004014,498,272,208,0,0,0,0,0,0,0,0,0,0,0,0
300290004021,666,307,329,0,0,0,0,0,0,0,0,0,0,0,0
300290004022,705,381,292,0,0,0,0,0,0,0,0,0,0,0,0
300290004023,213,125,79,0,0,0,0,0,0,0,0,0,0,0,0
300290006011,976,304,634,0,0,0,0,0,0,0,0,0,0,0,0
300290006012,771,240,506,0,0,0,0,0,0,0,0,0,0,0,0
300290006013,371,110,245,0,0,0,0,0,0,0,0,0,0,0,0
300290006021,607,157,429,0,0,0,0,0,0,0,0,0,0,0,0
300290006022,699,194,468,0,0,0,0,0,0,0,0,0,0,0,0
300290006023,450,125,300,0,0,0,0,0,0,0,0,0,0,0,0
300290007001,274,85,175,0,0,0,0,0,0,0,0,0,0,0,0
300290007002,473,158,283,0,0,0,0,0,0,0,0,0,0,0,0
300290007003,596,171,396,0,0,0,0,0,0,0,0,0,0,0,0
300290007004,379,109,251,0,0,0,0,0,0,0,0,0,0,0,0
300290007005,391,131,233,0,0,0,0,0,0,0,0,0,0,0,0
300290008001,991,342,610,0,0,0,0,0,0,0,0,0,0,0,0
300290008002,557,194,347,0,0,0,0,0,0,0,0,0,0,0,0
300290008003,948,323,579,0,0,0,0,0,0,0,0,0,0,0,0
300290008004,1110,391,688,0,0,0,0,0,0,0,0,0,0,0,0
300290009001,1125,390,697,0,0,0,0,0,0,0,0,0,0,0,0
300290009002,704,261,424,0,0,0,0,0,0,0,0,0,0,0,0
300290009003,456,197,241,0,0,0,0,0,0,0,0,0,0,0,0
300290009004,430,177,238,0,0,0,0,0,0,0,0,0,0,0,0
300290009005,520,180,304,0,0,0,0,0,0,0,0,0,0,0,0
300290010001,432,195,216,0,0,0,0,0,0,0,0,0,0,0,0
300290010002,398,177,196,0,0,0,0,0,0,0,0,0,0,0,0
300290011001,415,179,210,0,0,0,0,0,0,0,0,0,0,0,0
300290011002,557,245,279,0,0,0,0,0,0,0,0,0,0,0,0
300290011003,253,114,126,0,0,0,0,0,0,0,0,0,0,0,0
300290011004,368,161,190,0,0,0,0,0,0,0,0,0,0,0,0
300290011005,349,144,186,0,0,0,0,0,0,0,0,0,0,0,0
300290011006,386,173,197,0,0,0,0,0,0,0,0,0,0,0,0
300290012001,945,316,587,0,0,0,0,0,0,0,0,0,0,0,0
300290012002,1159,384,722,0,0,0,0,0,0,0,0,0,0,0,0
300290012003,536,211,302,0,0,0,0,0,0,0,0,0,0,0,0
300290012004,478,169,280,0,0,0,0,0,0,0,0,0,0,0,0
300290013011,612,199,391,0,0,0,0,0,0,0,0,0,0,0,0
300290013012,838,278,532,0,0,0,0,0,0,0,0,0,0,0,0
300290013013,501,161,321,0,0,0,0,0,0,0,0,0,0,0,0
300290013021,819,256,529,0,0,0,0,0,0,0,0,0,0,0,0
300290013022,1068,326,695,0,0,0,0,0,0,0,0,0,0,0,0
300290013023,744,225,487,0,0,0,0,0,0,0,0,0,0,0,0
300290014001,831,246,546,0,0,0,0,0,0,0,0,0,0,0,0
300290014002,665,200,435,0,0,0,0,0,0,0,0,0,0,0,0
300290014003,1241,390,800,0,0,0,0,0,0,0,0,0,0,0,0
300290017001,794,213,533,0,0,0,0,0,0,0,0,0,0,0,0
300290017002,6,2,4,0,0,0,0,0,0,0,0,0,0,0,0
300290017003,788,256,497,0,0,0,0,0,0,0,0,0,0,0,0
300290017004,495,149,325,0,0,0,0,0,0,0,0,0,0,0,0
300290017005,786,209,518,0,0,0,0,0,0,0,0,0,0,0,0
300290017006,760,268,452,0,0,0,0,0,0,0,0,0,0,0,0
300310001011,872,294,554,0,0,0,0,0,0,0,0,0,0,0,0
300310001012,1218,496,682,0,0,0,0,0,0,0,0,0,0,0,0
300310001013,677,276,382,0,0,0,0,0,0,0,0,0,0,0,0
300310001021,675,198,452,0,0,0,0,0,0,0,0,0,0,0,0
300310001022,492,197,281,0,0,0,0,0,0,0,0,0,0,0,0
300310001031,1281,507,729,0,0,0,0,0,0,0,0,0,0,0,0
300310001032,948,398,516,0,0,0,0,0,0,0,0,0,0,0,0
300310001033,911,342,541,0,0,0,0,0,0,0,0,0,0,0,0
300310002001,464,143,307,0,0,0,0,0,0,0,0,0,0,0,0
300310002002,2326,824,1429,0,0,0,0,0,0,0,0,0,0,0,0
300310002003,1149,402,716,0,0,0,0,0,0,0,0,0,0,0,0
300310003001,653,229,400,0,0,0,0,0,0,0,0,0,0,0,0
300310003002,379,159,207,0,0,0,0,0,0,0,0,0,0,0,0
300310003003,534,221,295,0,0,0,0,0,0,0,0,0,0,0,0
300310004001,1036,320,674,0,0,0,0,0,0,0,0,0,0,0,0
300310004002,1128,206,900,0,0,0,0,0,0,0,0,0,0,0,0
300310004003,439,98,329,0,0,0,0,0,0,0,0,0,0,0,0
300310005011,709,373,317,0,0,0,0,0,0,0,0,0,0,0,0
300310005012,625,318,293,0,0,0,0,0,0,0,0,0,0,0,0
300310005021,576,267,295,0,0,0,0,0,0,0,0,0,0,0,0
300310005022,481,210,259,0,0,0,0,0,0,0,0,0,0,0,0
300310005023,954,458,473,0,0,0,0,0,0,0,0,0,0,0,0
300310005024,931,468,446,0,0,0,0,0,0,0,0,0,0,0,0
300310005031,2799,1454,1272,0,0,0,0,0,0,0,0,0,0,0,0
300310005032,1576,721,815,0,0,0,0,0,0,0,0,0,0,0,0
300310005041,934,472,437,0,0,0,0,0,0,0,0,0,0,0,0
300310005042,369,197,162,0,0,0,0,0,0,0,0,0,0,0,0
300310006001,581,427,135,0,0,0,0,0,0,0,0,0,0,0,0
300310006002,720,406,286,0,0,0,0,0,0,0,0,0,0,0,0
300310007011,545,432,99,0,0,0,0,0,0,0,0,0,0,0,0
300310007012,532,376,133,0,0,0,0,0,0,0,0,0,0,0,0
300310007013,323,187,127,0,0,0,0,0,0,0,0,0,0,0,0
300310007014,574,432,123,0,0,0,0,0,0,0,0,0,0,0,0
300310007021,1795,990,745,0,0,0,0,0,0,0,0,0,0,0,0
300310007022,1312,705,570,0,0,0,0,0,0,0,0,0,0,0,0
300310008001,650,504,128,0,0,0,0,0,0,0,0,0,0,0,0
300310008002,419,328,81,0,0,0,0,0,0,0,0,0,0,0,0
300310008003,460,361,87,0,0,0,0,0,0,0,0,0,0,0,0
300310009001,694,501,171,0,0,0,0,0,0,0,0,0,0,0,0
300310009002,705,489,190,0,0,0,0,0,0,0,0,0,0,0,0
300310009003,581,348,213,0,0,0,0,0,0,0,0,0,0,0,0
300310010011,1002,564,419,0,0,0,0,0,0,0,0,0,0,0,0
300310010012,1084,587,474,0,0,0,0,0,0,0,0,0,0,0,0
300310010021,865,644,196,0,0,0,0,0,0,0,0,0,0,0,0
300310010022,497,310,178,0,0,0,0,0,0,0,0,0,0,0,0
300310010023,545,276,260,0,0,0,0,0,0,0,0,0,0,0,0
300310010024,980,649,309,0,0,0,0,0,0,0,0,0,0,0,0
300310011011,268,165,92,0,0,0,0,0,0,0,0,0,0,0,0
300310011012,288,187,91,0,0,0,0,0,0,0,0,0,0,0,0
300310011013,1213,788,381,0,0,0,0,0,0,0,0,0,0,0,0
300310011021,778,439,321,0,0,0,0,0,0,0,0,0,0,0,0
300310011022,698,534,147,0,0,0,0,0,0,0,0,0,0,0,0
300310012001,761,342,400,0,0,0,0,0,0,0,0,0,0,0,0
300310012002,456,181,265,0,0,0,0,0,0,0,0,0,0,0,0
300310012003,1204,468,696,0,0,0,0,0,0,0,0,0,0,0,0
300310012004,437,170,255,0,0,0,0,0,0,0,0,0,0,0,0
300310015001,583,295,277,0,0,0,0,0,0,0,0,0,0,0,0
300310015002,249,126,118,0,0,0,0,0,0,0,0,0,0,0,0
300310016001,348,200,140,0,0,0,0,0,0,0,0,0,0,0,0
300310016002,872,546,308,0,0,0,0,0,0,0,0,0,0,0,0
300330001001,727,110,598,0,0,0,0,0,0,0,0,0,0,0,0
300359402001,723,655,61,0,0,0,0,0,0,0,0,0,0,0,0
300359402002,351,319,26,0,0,0,0,0,0,0,0,0,0,0,0
300359402003,319,289,26,0,0,0,0,0,0,0,0,0,0,0,0
300359402004,336,314,18,0,0,0,0,0,0,0,0,0,0,0,0
300359404001,305,233,65,0,0,0,0,0,0,0,0,0,0,0,0
300359404002,305,263,35,0,0,0,0,0,0,0,0,0,0,0,0
300359404003,321,212,101,0,0,0,0,0,0,0,0,0,0,0,0
300359404004,299,253,41,0,0,0,0,0,0,0,0,0,0,0,0
300359404005,316,194,117,0,0,0,0,0,0,0,0,0,0,0,0
300359760001,269,97,164,0,0,0,0,0,0,0,0,0,0,0,0
300359760002,228,106,118,0,0,0,0,0,0,0,0,0,0,0,0
300359760003,319,130,181,0,0,0,0,0,0,0,0,0,0,0,0
300359760004,419,181,225,0,0,0,0,0,0,0,0,0,0,0,0
300359760005,447,167,270,0,0,0,0,0,0,0,0,0,0,0,0
300359800001,13,10,3,0,0,0,0,0,0,0,0,0,0,0,0
300370001001,491,124,343,0,0,0,0,0,0,0,0,0,0,0,0
300399617001,540,159,348,0,0,0,0,0,0,0,0,0,0,0,0
300399617002,669,240,389,0,0,0,0,0,0,0,0,0,0,0,0
300399617003,506,202,276,0,0,0,0,0,0,0,0,0,0,0,0
300410401001,294,118,167,0,0,0,0,0,0,0,0,0,0,0,0
300410401002,454,185,249,0,0,0,0,0,0,0,0,0,0,0,0
300410402001,305,105,180,0,0,0,0,0,0,0,0,0,0,0,0
300410402002,480,197,261,0,0,0,0,0,0,0,0,0,0,0,0
300410403001,239,145,85,0,0,0,0,0,0,0,0,0,0,0,0
300410403002,265,143,110,0,0,0,0,0,0,0,0,0,0,0,0
300410403003,351,210,126,0,0,0,0,0,0,0,0,0,0,0,0
300410403004,165,85,71,0,0,0,0,0,0,0,0,0,0,0,0
300410403005,314,179,124,0,0,0,0,0,0,0,0,0,0,0,0
300410404001,661,328,310,0,0,0,0,0,0,0,0,0,0,0,0
300410404002,502,266,214,0,0,0,0,0,0,0,0,0,0,0,0
300410404003,472,250,203,0,0,0,0,0,0,0,0,0,0,0,0
300410404004,245,136,99,0,0,0,0,0,0,0,0,0,0,0,0
300410405001,282,156,117,0,0,0,0,0,0,0,0,0,0,0,0
300410405002,471,239,220,0,0,0,0,0,0,0,0,0,0,0,0
300410405003,464,234,217,0,0,0,0,0,0,0,0,0,0,0,0
300419403001,210,182,22,0,0,0,0,0,0,0,0,0,0,0,0
300419403002,221,215,6,0,0,0,0,0,0,0,0,0,0,0,0
300419403003,229,223,6,0,0,0,0,0,0,0,0,0,0,0,0
300439622011,1356,565,763,0,0,0,0,0,0,0,0,0,0,0,0
300439622012,1010,415,571,0,0,0,0,0,0,0,0,0,0,0,0
300439622021,405,190,203,0,0,0,0,0,0,0,0,0,0,0,0
300439622022,890,390,468,0,0,0,0,0,0,0,0,0,0,0,0
300439622023,393,190,193,0,0,0,0,0,0,0,0,0,0,0,0
300439622024,303,151,143,0,0,0,0,0,0,0,0,0,0,0,0
300439623001,463,145,296,0,0,0,0,0,0,0,0,0,0,0,0
300439623002,587,186,368,0,0,0,0,0,0,0,0,0,0,0,0
300439623003,622,231,360,0,0,0,0,0,0,0,0,0,0,0,0
300439623004,311,119,173,0,0,0,0,0,0,0,0,0,0,0,0
300450001001,570,179,375,0,0,0,0,0,0,0,0,0,0,0,0
300450001002,666,218,426,0,0,0,0,0,0,0,0,0,0,0,0
300470001001,845,293,507,0,0,0,0,0,0,0,0,0,0,0,0
300470002001,575,238,304,0,0,0,0,0,0,0,0,0,0,0,0
300470002002,424,151,245,0,0,0,0,0,0,0,0,0,0,0,0
300479403011,523,269,235,0,0,0,0,0,0,0,0,0,0,0,0
300479403012,572,275,268,0,0,0,0,0,0,0,0,0,0,0,0
300479403013,740,368,336,0,0,0,0,0,0,0,0,0,0,0,0
300479403014,815,376,396,0,0,0,0,0,0,0,0,0,0,0,0
300479403031,844,376,439,0,0,0,0,0,0,0,0,0,0,0,0
300479403032,785,332,418,0,0,0,0,0,0,0,0,0,0,0,0
300479403033,551,248,278,0,0,0,0,0,0,0,0,0,0,0,0
300479403034,536,239,279,0,0,0,0,0,0,0,0,0,0,0,0
300479403035,498,276,199,0,0,0,0,0,0,0,0,0,0,0,0
300479404001,475,229,223,0,0,0,0,0,0,0,0,0,0,0,0
300479404002,713,359,318,0,0,0,0,0,0,0,0,0,0,0,0
300479404003,289,166,110,0,0,0,0,0,0,0,0,0,0,0,0
300479405001,561,248,282,0,0,0,0,0,0,0,0,0,0,0,0
300479405002,454,251,173,0,0,0,0,0,0,0,0,0,0,0,0
300479405003,520,285,211,0,0,0,0,0,0,0,0,0,0,0,0
300479405004,467,276,169,0,0,0,0,0,0,0,0,0,0,0,0
300479406001,460,230,212,0,0,0,0,0,0,0,0,0,0,0,0
300479406002,495,274,199,0,0,0,0,0,0,0,0,0,0,0,0
300479406003,392,208,170,0,0,0,0,0,0,0,0,0,0,0,0
300479406004,501,215,256,0,0,0,0,0,0,0,0,0,0,0,0
300479407001,357,231,116,0,0,0,0,0,0,0,0,0,0,0,0
300479407002,521,353,155,0,0,0,0,0,0,0,0,0,0,0,0
300490001001,678,231,430,0,0,0,0,0,0,0,0,0,0,0,0
300490001002,414,105,296,0,0,0,0,0,0,0,0,0,0,0,0
300490002001,592,210,373,0,0,0,0,0,0,0,0,0,0,0,0
300490002002,688,285,387,0,0,0,0,0,0,0,0,0,0,0,0
300490002003,978,360,600,0,0,0,0,0,0,0,0,0,0,0,0
300490003001,347,112,218,0,0,0,0,0,0,0,0,0,0,0,0
300490003002,1069,410,627,0,0,0,0,0,0,0,0,0,0,0,0
300490004001,487,281,190,0,0,0,0,0,0,0,0,0,0,0,0
300490004002,768,331,423,0,0,0,0,0,0,0,0,0,0,0,0
300490004003,412,185,220,0,0,0,0,0,0,0,0,0,0,0,0
300490004004,681,288,370,0,0,0,0,0,0,0,0,0,0,0,0
300490004005,685,290,376,0,0,0,0,0,0,0,0,0,0,0,0
300490005011,864,321,515,0,0,0,0,0,0,0,0,0,0,0,0
300490005012,1055,508,524,0,0,0,0,0,0,0,0,0,0,0,0
300490005021,1520,747,743,0,0,0,0,0,0,0,0,0,0,0,0
300490005022,983,551,407,0,0,0,0,0,0,0,0,0,0,0,0
300490005023,640,355,273,0,0,0,0,0,0,0,0,0,0,0,0
300490006001,736,353,367,0,0,0,0,0,0,0,0,0,0,0,0
300490006002,546,222,309,0,0,0,0,0,0,0,0,0,0,0,0
300490007001,645,484,148,0,0,0,0,0,0,0,0,0,0,0,0
300490007002,428,263,159,0,0,0,0,0,0,0,0,0,0,0,0
300490007003,540,323,208,0,0,0,0,0,0,0,0,0,0,0,0
300490007004,487,297,179,0,0,0,0,0,0,0,0,0,0,0,0
300490007005,600,322,270,0,0,0,0,0,0,0,0,0,0,0,0
300490007006,353,170,174,0,0,0,0,0,0,0,0,0,0,0,0
300490007007,701,393,292,0,0,0,0,0,0,0,0,0,0,0,0
300490008001,683,487,177,0,0,0,0,0,0,0,0,0,0,0,0
300490008002,373,280,87,0,0,0,0,0,0,0,0,0,0,0,0
300490008003,805,555,235,0,0,0,0,0,0,0,0,0,0,0,0
300490008004,444,332,95,0,0,0,0,0,0,0,0,0,0,0,0
300490009001,353,204,141,0,0,0,0,0,0,0,0,0,0,0,0
300490009002,388,224,156,0,0,0,0,0,0,0,0,0,0,0,0
300490009003,439,294,135,0,0,0,0,0,0,0,0,0,0,0,0
300490009004,517,346,158,0,0,0,0,0,0,0,0,0,0,0,0
300490010001,513,387,113,0,0,0,0,0,0,0,0,0,0,0,0
300490010002,480,347,120,0,0,0,0,0,0,0,0,0,0,0,0
300490010003,425,256,161,0,0,0,0,0,0,0,0,0,0,0,0
300490010004,516,331,175,0,0,0,0,0,0,0,0,0,0,0,0
300490010005,703,512,174,0,0,0,0,0,0,0,0,0,0,0,0
300490011001,417,249,160,0,0,0,0,0,0,0,0,0,0,0,0
300490011002,778,472,295,0,0,0,0,0,0,0,0,0,0,0,0
300490011003,1101,641,446,0,0,0,0,0,0,0,0,0,0,0,0
300490011004,737,398,324,0,0,0,0,0,0,0,0,0,0,0,0
300490012011,281,136,135,0,0,0,0,0,0,0,0,0,0,0,0
300490012012,543,250,273,0,0,0,0,0,0,0,0,0,0,0,0
300490012013,965,452,483,0,0,0,0,0,0,0,0,0,0,0,0
300490012014,800,394,375,0,0,0,0,0,0,0,0,0,0,0,0
300490012015,421,211,193,0,0,0,0,0,0,0,0,0,0,0,0
300490012021,837,353,461,0,0,0,0,0,0,0,0,0,0,0,0
300490012022,599,254,330,0,0,0,0,0,0,0,0,0,0,0,0
300490012023,858,352,486,0,0,0,0,0,0,0,0,0,0,0,0
300510501001,453,172,267,0,0,0,0,0,0,0,0,0,0,0,0
300510501002,548,195,327,0,0,0,0,0,0,0,0,0,0,0,0
300530001001,553,128,394,0,0,0,0,0,0,0,0,0,0,0,0
300530001002,464,141,298,0,0,0,0,0,0,0,0,0,0,0,0
300530001003,612,198,384,0,0,0,0,0,0,0,0,0,0,0,0
300530002001,351,138,200,0,0,0,0,0,0,0,0,0,0,0,0
300530002002,278,111,158,0,0,0,0,0,0,0,0,0,0,0,0
300530002003,446,179,252,0,0,0,0,0,0,0,0,0,0,0,0
300530003001,510,167,322,0,0,0,0,0,0,0,0,0,0,0,0
300530003002,421,150,251,0,0,0,0,0,0,0,0,0,0,0,0
300530003003,432,145,266,0,0,0,0,0,0,0,0,0,0,0,0
300530003004,643,222,395,0,0,0,0,0,0,0,0,0,0,0,0
300530004001,930,263,587,0,0,0,0,0,0,0,0,0,0,0,0
300530004002,481,153,301,0,0,0,0,0,0,0,0,0,0,0,0
300530004003,765,221,479,0,0,0,0,0,0,0,0,0,0,0,0
300530004004,551,162,352,0,0,0,0,0,0,0,0,0,0,0,0
300530005001,631,234,370,0,0,0,0,0,0,0,0,0,0,0,0
300530005002,545,216,306,0,0,0,0,0,0,0,0,0,0,0,0
300530005003,614,197,389,0,0,0,0,0,0,0,0,0,0,0,0
300559540001,657,205,426,0,0,0,0,0,0,0,0,0,0,0,0
300559540002,434,116,300,0,0,0,0,0,0,0,0,0,0,0,0
300570001001,887,328,538,0,0,0,0,0,0,0,0,0,0,0,0
300570001002,1012,388,602,0,0,0,0,0,0,0,0,0,0,0,0
300570002001,429,129,284,0,0,0,0,0,0,0,0,0,0,0,0
300570002002,385,123,249,0,0,0,0,0,0,0,0,0,0,0,0
300570002003,631,204,404,0,0,0,0,0,0,0,0,0,0,0,0
300570003001,767,274,460,0,0,0,0,0,0,0,0,0,0,0,0
300570003002,456,161,285,0,0,0,0,0,0,0,0,0,0,0,0
300590001001,448,138,290,0,0,0,0,0,0,0,0,0,0,0,0
300590001002,518,160,334,0,0,0,0,0,0,0,0,0,0,0,0
300619645001,704,299,367,0,0,0,0,0,0,0,0,0,0,0,0
300619645002,360,166,182,0,0,0,0,0,0,0,0,0,0,0,0
300619646001,550,231,285,0,0,0,0,0,0,0,0,0,0,0,0
300619646002,381,149,219,0,0,0,0,0,0,0,0,0,0,0,0
300630001001,1414,1015,362,0,0,0,0,0,0,0,0,0,0,0,0
300630001002,1075,788,271,0,0,0,0,0,0,0,0,0,0,0,0
300630001003,843,610,214,0,0,0,0,0,0,0,0,0,0,0,0
300630001004,646,557,77,0,0,0,0,0,0,0,0,0,0,0,0
300630002011,729,496,215,0,0,0,0,0,0,0,0,0,0,0,0
300630002012,624,487,111,0,0,0,0,0,0,0,0,0,0,0,0
300630002013,720,603,90,0,0,0,0,0,0,0,0,0,0,0,0
300630002014,716,567,125,0,0,0,0,0,0,0,0,0,0,0,0
300630002015,640,531,83,0,0,0,0,0,0,0,0,0,0,0,0
300630002021,2409,1364,997,0,0,0,0,0,0,0,0,0,0,0,0
300630002022,533,254,261,0,0,0,0,0,0,0,0,0,0,0,0
300630002023,1623,873,712,0,0,0,0,0,0,0,0,0,0,0,0
300630002024,575,286,275,0,0,0,0,0,0,0,0,0,0,0,0
300630003001,592,492,71,0,0,0,0,0,0,0,0,0,0,0,0
300630003002,663,559,73,0,0,0,0,0,0,0,0,0,0,0,0
300630004001,562,362,176,0,0,0,0,0,0,0,0,0,0,0,0
300630004002,442,273,151,0,0,0,0,0,0,0,0,0,0,0,0
300630004003,316,206,99,0,0,0,0,0,0,0,0,0,0,0,0
300630005001,1117,940,146,0,0,0,0,0,0,0,0,0,0,0,0
300630005002,1366,1032,279,0,0,0,0,0,0,0,0,0,0,0,0
300630005003,782,620,140,0,0,0,0,0,0,0,0,0,0,0,0
300630005004,984,773,180,0,0,0,0,0,0,0,0,0,0,0,0
300630007001,453,363,75,0,0,0,0,0,0,0,0,0,0,0,0
300630007002,664,563,79,0,0,0,0,0,0,0,0,0,0,0,0
300630007003,544,447,79,0,0,0,0,0,0,0,0,0,0,0,0
300630008001,945,607,311,0,0,0,0,0,0,0,0,0,0,0,0
300630008002,577,367,193,0,0,0,0,0,0,0,0,0,0,0,0
300630008003,599,417,161,0,0,0,0,0,0,0,0,0,0,0,0
300630008004,821,612,175,0,0,0,0,0,0,0,0,0,0,0,0
300630009011,489,268,205,0,0,0,0,0,0,0,0,0,0,0,0
300630009012,877,516,334,0,0,0,0,0,0,0,0,0,0,0,0
300630009013,785,363,394,0,0,0,0,0,0,0,0,0,0,0,0
300630009014,766,399,349,0,0,0,0,0,0,0,0,0,0,0,0
300630009015,419,232,168,0,0,0,0,0,0,0,0,0,0,0,0
300630009021,1341,633,665,0,0,0,0,0,0,0,0,0,0,0,0
300630010001,706,514,164,0,0,0,0,0,0,0,0,0,0,0,0
300630010002,490,319,147,0,0,0,0,0,0,0,0,0,0,0,0
300630010003,454,306,134,0,0,0,0,0,0,0,0,0,0,0,0
300630010004,674,430,221,0,0,0,0,0,0,0,0,0,0,0,0
300630011001,522,435,75,0,0,0,0,0,0,0,0,0,0,0,0
300630011002,818,663,128,0,0,0,0,0,0,0,0,0,0,0,0
300630011003,569,475,80,0,0,0,0,0,0,0,0,0,0,0,0
300630012001,576,482,82,0,0,0,0,0,0,0,0,0,0,0,0
300630012002,630,488,122,0,0,0,0,0,0,0,0,0,0,0,0
300630012003,670,475,177,0,0,0,0,0,0,0,0,0,0,0,0
300630012004,944,640,278,0,0,0,0,0,0,0,0,0,0,0,0
300630013021,1289,800,461,0,0,0,0,0,0,0,0,0,0,0,0
300630013022,802,480,303,0,0,0,0,0,0,0,0,0,0,0,0
300630013023,714,405,294,0,0,0,0,0,0,0,0,0,0,0,0
300630013024,621,369,236,0,0,0,0,0,0,0,0,0,0,0,0
300630013025,553,331,207,0,0,0,0,0,0,0,0,0,0,0,0
300630013031,749,438,283,0,0,0,0,0,0,0,0,0,0,0,0
300630013032,775,452,294,0,0,0,0,0,0,0,0,0,0,0,0
300630013033,715,428,266,0,0,0,0,0,0,0,0,0,0,0,0
300630013034,497,335,146,0,0,0,0,0,0,0,0,0,0,0,0
300630013041,685,381,289,0,0,0,0,0,0,0,0,0,0,0,0
300630013042,1062,513,529,0,0,0,0,0,0,0,0,0,0,0,0
300630013043,673,406,247,0,0,0,0,0,0,0,0,0,0,0,0
300630013044,1248,602,621,0,0,0,0,0,0,0,0,0,0,0,0
300630014001,896,420,448,0,0,0,0,0,0,0,0,0,0,0,0
300630014002,903,443,421,0,0,0,0,0,0,0,0,0,0,0,0
300630014003,982,579,383,0,0,0,0,0,0,0,0,0,0,0,0
300630014004,357,198,145,0,0,0,0,0,0,0,0,0,0,0,0
300630014005,347,195,141,0,0,0,0,0,0,0,0,0,0,0,0
300630015001,481,202,265,0,0,0,0,0,0,0,0,0,0,0,0
300630015002,924,473,420,0,0,0,0,0,0,0,0,0,0,0,0
300630015003,1005,470,509,0,0,0,0,0,0,0,0,0,0,0,0
300630015004,857,359,474,0,0,0,0,0,0,0,0,0,0,0,0
300630016001,1207,472,699,0,0,0,0,0,0,0,0,0,0,0,0
300630016002,848,307,517,0,0,0,0,0,0,0,0,0,0,0,0
300630016003,750,308,419,0,0,0,0,0,0,0,0,0,0,0,0
300630016004,900,358,509,0,0,0,0,0,0,0,0,0,0,0,0
300630018001,664,284,348,0,0,0,0,0,0,0,0,0,0,0,0
300630018002,480,167,274,0,0,0,0,0,0,0,0,0,0,0,0
300630018003,429,258,155,0,0,0,0,0,0,0,0,0,0,0,0
300630018004,958,396,536,0,0,0,0,0,0,0,0,0,0,0,0
300650001001,399,82,301,0,0,0,0,0,0,0,0,0,0,0,0
300650001002,477,113,345,0,0,0,0,0,0,0,0,0,0,0,0
300650001003,510,125,363,0,0,0,0,0,0,0,0,0,0,0,0
300650002001,453,142,296,0,0,0,0,0,0,0,0,0,0,0,0
300650002002,467,174,276,0,0,0,0,0,0,0,0,0,0,0,0
300670001001,374,114,248,0,0,0,0,0,0,0,0,0,0,0,0
300670001002,630,229,381,0,0,0,0,0,0,0,0,0,0,0,0
300670002001,512,198,294,0,0,0,0,0,0,0,0,0,0,0,0
300670002002,1180,450,677,0,0,0,0,0,0,0,0,0,0,0,0
300670002003,499,187,289,0,0,0,0,0,0,0,0,0,0,0,0
300670003001,744,339,380,0,0,0,0,0,0,0,0,0,0,0,0
300670003002,370,227,127,0,0,0,0,0,0,0,0,0,0,0,0
300670003003,617,372,218,0,0,0,0,0,0,0,0,0,0,0,0
300670004001,465,247,203,0,0,0,0,0,0,0,0,0,0,0,0
300670004002,532,268,249,0,0,0,0,0,0,0,0,0,0,0,0
300670004003,595,249,322,0,0,0,0,0,0,0,0,0,0,0,0
300670004004,490,272,199,0,0,0,0,0,0,0,0,0,0,0,0
300670004005,468,270,180,0,0,0,0,0,0,0,0,0,0,0,0
300670004006,432,253,163,0,0,0,0,0,0,0,0,0,0,0,0
300670005001,428,226,183,0,0,0,0,0,0,0,0,0,0,0,0
300670005002,538,263,255,0,0,0,0,0,0,0,0,0,0,0,0
300679806001,18,9,8,0,0,0,0,0,0,0,0,0,0,0,0
300690001001,300,68,227,0,0,0,0,0,0,0,0,0,0,0,0
300710602001,560,182,364,0,0,0,0,0,0,0,0,0,0,0,0
300710602002,510,168,330,0,0,0,0,0,0,0,0,0,0,0,0
300710602003,532,126,387,0,0,0,0,0,0,0,0,0,0,0,0
300710602004,521,162,342,0,0,0,0,0,0,0,0,0,0,0,0
300739770001,430,162,260,0,0,0,0,0,0,0,0,0,0,0,0
300739770002,377,126,239,0,0,0,0,0,0,0,0,0,0,0,0
300739770003,344,138,196,0,0,0,0,0,0,0,0,0,0,0,0
300739770004,426,174,241,0,0,0,0,0,0,0,0,0,0,0,0
300739770005,390,161,217,0,0,0,0,0,0,0,0,0,0,0,0
300739772001,329,281,41,0,0,0,0,0,0,0,0,0,0,0,0
300739772002,589,181,394,0,0,0,0,0,0,0,0,0,0,0,0
300750001001,618,128,478,0,0,0,0,0,0,0,0,0,0,0,0
300750001002,420,80,324,0,0,0,0,0,0,0,0,0,0,0,0
300770001001,504,132,343,0,0,0,0,0,0,0,0,0,0,0,0
300770001002,334,93,237,0,0,0,0,0,0,0,0,0,0,0,0
300770002001,272,113,139,0,0,0,0,0,0,0,0,0,0,0,0
300770002002,432,177,238,0,0,0,0,0,0,0,0,0,0,0,0
300770002003,376,166,200,0,0,0,0,0,0,0,0,0,0,0,0
300770002004,449,203,226,0,0,0,0,0,0,0,0,0,0,0,0
300770002005,447,137,300,0,0,0,0,0,0,0,0,0,0,0,0
300770002006,0,0,0,0,0,0,0,0,0,0,0,0,0,0,0
300790001001,735,211,503,0,0,0,0,0,0,0,0,0,0,0,0
300810001001,826,365,434,0,0,0,0,0,0,0,0,0,0,0,0
300810001002,525,210,299,0,0,0,0,0,0,0,0,0,0,0,0
300810001003,887,355,504,0,0,0,0,0,0,0,0,0,0,0,0
300810002011,598,216,367,0,0,0,0,0,0,0,0,0,0,0,0
300810002012,467,198,247,0,0,0,0,0,0,0,0,0,0,0,0
300810002013,448,192,234,0,0,0,0,0,0,0,0,0,0,0,0
300810002014,344,124,211,0,0,0,0,0,0,0,0,0,0,0,0
300810002021,1171,490,638,0,0,0,0,0,0,0,0,0,0,0,0
300810002022,864,324,500,0,0,0,0,0,0,0,0,0,0,0,0
300810002023,797,280,496,0,0,0,0,0,0,0,0,0,0,0,0
300810002024,856,312,520,0,0,0,0,0,0,0,0,0,0,0,0
300810003001,701,269,417,0,0,0,0,0,0,0,0,0,0,0,0
300810003002,930,353,555,0,0,0,0,0,0,0,0,0,0,0,0
300810004011,566,200,348,0,0,0,0,0,0,0,0,0,0,0,0
300810004012,764,169,553,0,0,0,0,0,0,0,0,0,0,0,0
300810004021,615,209,393,0,0,0,0,0,0,0,0,0,0,0,0
300810004022,1466,498,936,0,0,0,0,0,0,0,0,0,0,0,0
300810004023,835,261,547,0,0,0,0,0,0,0,0,0,0,0,0
300810005001,839,345,475,0,0,0,0,0,0,0,0,0,0,0,0
300810005002,803,261,522,0,0,0,0,0,0,0,0,0,0,0,0
300810005003,915,464,420,0,0,0,0,0,0,0,0,0,0,0,0
300810005004,393,206,173,0,0,0,0,0,0,0,0,0,0,0,0
300810005005,245,128,108,0,0,0,0,0,0,0,0,0,0,0,0
300810006001,1093,526,533,0,0,0,0,0,0,0,0,0,0,0,0
300810006002,381,160,211,0,0,0,0,0,0,0,0,0,0,0,0
300810006003,992,345,621,0,0,0,0,0,0,0,0,0,0,0,0
300810006004,903,364,515,0,0,0,0,0,0,0,0,0,0,0,0
300810007001,720,205,499,0,0,0,0,0,0,0,0,0,0,0,0
300810007002,376,124,238,0,0,0,0,0,0,0,0,0,0,0,0
300810008001,358,118,226,0,0,0,0,0,0,0,0,0,0,0,0
300810008002,405,129,262,0,0,0,0,0,0,0,0,0,0,0,0
300830701001,638,164,457,0,0,0,0,0,0,0,0,0,0,0,0
300830702001,764,238,500,0,0,0,0,0,0,0,0,0,0,0,0
300830703001,685,177,491,0,0,0,0,0,0,0,0,0,0,0,0
300830703002,643,170,454,0,0,0,0,0,0,0,0,0,0,0,0
300830703003,549,135,395,0,0,0,0,0,0,0,0,0,0,0,0
300830704001,531,134,387,0,0,0,0,0,0,0,0,0,0,0,0
300830704002,294,87,198,0,0,0,0,0,0,0,0,0,0,0,0
300830704003,412,98,302,0,0,0,0,0,0,0,0,0,0,0,0
300850801001,429,170,242,0,0,0,0,0,0,0,0,0,0,0,0
300850801002,408,147,253,0,0,0,0,0,0,0,0,0,0,0,0
300859400011,396,178,203,0,0,0,0,0,0,0,0,0,0,0,0
300859400012,357,270,74,0,0,0,0,0,0,0,0,0,0,0,0
300859400013,352,239,107,0,0,0,0,0,0,0,0,0,0,0,0
300859400014,453,231,213,0,0,0,0,0,0,0,0,0,0,0,0
300859400015,245,183,52,0,0,0,0,0,0,0,0,0,0,0,0
300859400021,320,249,68,0,0,0,0,0,0,0,0,0,0,0,0
300859400022,271,172,92,0,0,0,0,0,0,0,0,0,0,0,0
300859400023,557,440,103,0,0,0,0,0,0,0,0,0,0,0,0
300859400024,362,285,66,0,0,0,0,0,0,0,0,0,0,0,0
300870001001,491,140,333,0,0,0,0,0,0,0,0,0,0,0,0
300870001002,835,382,429,0,0,0,0,0,0,0,0,0,0,0,0
300870002001,345,101,231,0,0,0,0,0,0,0,0,0,0,0,0
300870002002,219,107,106,0,0,0,0,0,0,0,0,0,0,0,0
300870003001,502,227,251,0,0,0,0,0,0,0,0,0,0,0,0
300870003002,601,272,301,0,0,0,0,0,0,0,0,0,0,0,0
300879404001,590,533,52,0,0,0,0,0,0,0,0,0,0,0,0
300879404002,227,157,65,0,0,0,0,0,0,0,0,0,0,0,0
300890001001,804,249,507,0,0,0,0,0,0,0,0,0,0,0,0
300890001002,668,207,421,0,0,0,0,0,0,0,0,0,0,0,0
300890001003,336,104,212,0,0,0,0,0,0,0,0,0,0,0,0
300890002001,501,143,328,0,0,0,0,0,0,0,0,0,0,0,0
300890002002,793,274,485,0,0,0,0,0,0,0,0,0,0,0,0
300890002003,456,145,284,0,0,0,0,0,0,0,0,0,0,0,0
300890002004,1042,326,669,0,0,0,0,0,0,0,0,0,0,0,0
300890002005,439,153,267,0,0,0,0,0,0,0,0,0,0,0,0
300899403001,264,145,108,0,0,0,0,0,0,0,0,0,0,0,0
300899403002,546,224,282,0,0,0,0,0,0,0,0,0,0,0,0
300910902001,400,212,169,0,0,0,0,0,0,0,0,0,0,0,0
300910902002,473,226,234,0,0,0,0,0,0,0,0,0,0,0,0
300910902003,499,233,250,0,0,0,0,0,0,0,0,0,0,0,0
300910904001,307,127,172,0,0,0,0,0,0,0,0,0,0,0,0
300910904002,327,155,162,0,0,0,0,0,0,0,0,0,0,0,0
300930001001,556,418,118,0,0,0,0,0,0,0,0,0,0,0,0
300930001002,283,208,66,0,0,0,0,0,0,0,0,0,0,0,0
300930001003,289,219,60,0,0,0,0,0,0,0,0,0,0,0,0
300930001004,377,269,94,0,0,0,0,0,0,0,0,0,0,0,0
300930001005,226,159,56,0,0,0,0,0,0,0,0,0,0,0,0
300930001006,277,198,69,0,0,0,0,0,0,0,0,0,0,0,0
300930002001,249,179,60,0,0,0,0,0,0,0,0,0,0,0,0
300930002002,230,162,58,0,0,0,0,0,0,0,0,0,0,0,0
300930002003,319,222,86,0,0,0,0,0,0,0,0,0,0,0,0
300930002004,559,387,153,0,0,0,0,0,0,0,0,0,0,0,0
300930002005,577,409,146,0,0,0,0,0,0,0,0,0,0,0,0
300930003001,472,350,109,0,0,0,0,0,0,0,0,0,0,0,0
300930003002,353,256,87,0,0,0,0,0,0,0,0,0,0,0,0
300930003003,360,263,88,0,0,0,0,0,0,0,0,0,0,0,0
300930004001,704,535,151,0,0,0,0,0,0,0,0,0,0,0,0
300930004002,642,482,143,0,0,0,0,0,0,0,0,0,0,0,0
300930004003,635,467,152,0,0,0,0,0,0,0,0,0,0,0,0
300930005001,360,251,100,0,0,0,0,0,0,0,0,0,0,0,0
300930005002,547,395,141,0,0,0,0,0,0,0,0,0,0,0,0
300930005003,393,283,102,0,0,0,0,0,0,0,0,0,0,0,0
300930005004,407,303,97,0,0,0,0,0,0,0,0,0,0,0,0
300930005005,399,280,108,0,0,0,0,0,0,0,0,0,0,0,0
300930005006,435,316,106,0,0,0,0,0,0,0,0,0,0,0,0
300930006001,327,239,76,0,0,0,0,0,0,0,0,0,0,0,0
300930006002,323,234,77,0,0,0,0,0,0,0,0,0,0,0,0
300930006003,301,222,69,0,0,0,0,0,0,0,0,0,0,0,0
300930006004,349,250,88,0,0,0,0,0,0,0,0,0,0,0,0
300930006005,339,206,123,0,0,0,0,0,0,0,0,0,0,0,0
300930006006,542,350,175,0,0,0,0,0,0,0,0,0,0,0,0
300930007001,652,417,220,0,0,0,0,0,0,0,0,0,0,0,0
300930007002,669,424,229,0,0,0,0,0,0,0,0,0,0,0,0
300930007003,756,453,289,0,0,0,0,0,0,0,0,0,0,0,0
300930008001,591,359,219,0,0,0,0,0,0,0,0,0,0,0,0
300930008002,504,382,111,0,0,0,0,0,0,0,0,0,0,0,0
300930008003,330,217,103,0,0,0,0,0,0,0,0,0,0,0,0
300930008004,932,540,377,0,0,0,0,0,0,0,0,0,0,0,0
300930008005,701,372,312,0,0,0,0,0,0,0,0,0,0,0,0
300959664001,994,326,636,0,0,0,0,0,0,0,0,0,0,0,0
300959664002,350,115,224,0,0,0,0,0,0,0,0,0,0,0,0
300959664003,706,232,452,0,0,0,0,0,0,0,0,0,0,0,0
300959665001,581,186,374,0,0,0,0,0,0,0,0,0,0,0,0
300959665002,577,181,378,0,0,0,0,0,0,0,0,0,0,0,0
300959666001,1050,369,638,0,0,0,0,0,0,0,0,0,0,0,0
300959666002,409,103,289,0,0,0,0,0,0,0,0,0,0,0,0
300979670001,500,108,381,0,0,0,0,0,0,0,0,0,0,0,0
300979670002,319,99,213,0,0,0,0,0,0,0,0,0,0,0,0
300979670003,383,113,260,0,0,0,0,0,0,0,0,0,0,0,0
300979670004,514,110,391,0,0,0,0,0,0,0,0,0,0,0,0
300979670005,367,111,249,0,0,0,0,0,0,0,0,0,0,0,0
300990001001,316,121,184,0,0,0,0,0,0,0,0,0,0,0,0
300990001002,667,275,371,0,0,0,0,0,0,0,0,0,0,0,0
300990002001,345,134,202,0,0,0,0,0,0,0,0,0,0,0,0
300990002002,642,249,377,0,0,0,0,0,0,0,0,0,0,0,0
300990003001,441,177,248,0,0,0,0,0,0,0,0,0,0,0,0
300990003002,298,112,176,0,0,0,0,0,0,0,0,0,0,0,0
300990003003,563,226,316,0,0,0,0,0,0,0,0,0,0,0,0
301010001001,203,61,134,0,0,0,0,0,0,0,0,0,0,0,0
301010001002,346,123,214,0,0,0,0,0,0,0,0,0,0,0,0
301010002001,331,120,201,0,0,0,0,0,0,0,0,0,0,0,0
301010002002,292,106,178,0,0,0,0,0,0,0,0,0,0,0,0
301010002003,294,106,179,0,0,0,0,0,0,0,0,0,0,0,0
301010002004,306,111,186,0,0,0,0,0,0,0,0,0,0,0,0
301010002005,349,110,225,0,0,0,0,0,0,0,0,0,0,0,0
301019800001,0,0,0,0,0,0,0,0,0,0,0,0,0,0,0
301039635001,486,156,314,0,0,0,0,0,0,0,0,0,0,0,0
301051001001,429,119,288,0,0,0,0,0,0,0,0,0,0,0,0
301051001002,544,217,312,0,0,0,0,0,0,0,0,0,0,0,0
301051005001,535,239,279,0,0,0,0,0,0,0,0,0,0,0,0
301051005002,525,247,258,0,0,0,0,0,0,0,0,0,0,0,0
301051005003,351,156,179,0,0,0,0,0,0,0,0,0,0,0,0
301059406001,452,167,267,0,0,0,0,0,0,0,0,0,0,0,0
301059406002,430,221,202,0,0,0,0,0,0,0,0,0,0,0,0
301059406003,645,279,336,0,0,0,0,0,0,0,0,0,0,0,0
301070001001,566,161,383,0,0,0,0,0,0,0,0,0,0,0,0
301070001002,415,128,274,0,0,0,0,0,0,0,0,0,0,0,0
301090001001,561,146,379,0,0,0,0,0,0,0,0,0,0,0,0
301110002001,426,259,150,0,0,0,0,0,0,0,0,0,0,0,0
301110002002,536,326,188,0,0,0,0,0,0,0,0,0,0,0,0
301110002003,302,184,105,0,0,0,0,0,0,0,0,0,0,0,0
301110003001,223,164,51,0,0,0,0,0,0,0,0,0,0,0,0
301110003002,292,204,78,0,0,0,0,0,0,0,0,0,0,0,0
301110003003,261,184,67,0,0,0,0,0,0,0,0,0,0,0,0
301110003004,368,234,121,0,0,0,0,0,0,0,0,0,0,0,0
301110004011,598,354,223,0,0,0,0,0,0,0,0,0,0,0,0
301110004012,820,490,304,0,0,0,0,0,0,0,0,0,0,0,0
301110004021,372,201,163,0,0,0,0,0,0,0,0,0,0,0,0
301110004022,710,431,261,0,0,0,0,0,0,0,0,0,0,0,0
301110004023,356,214,122,0,0,0,0,0,0,0,0,0,0,0,0
301110005001,643,332,298,0,0,0,0,0,0,0,0,0,0,0,0
301110005002,497,264,220,0,0,0,0,0,0,0,0,0,0,0,0
301110005003,595,304,274,0,0,0,0,0,0,0,0,0,0,0,0
301110005004,367,196,160,0,0,0,0,0,0,0,0,0,0,0,0
301110006001,671,328,326,0,0,0,0,0,0,0,0,0,0,0,0
301110006002,764,386,362,0,0,0,0,0,0,0,0,0,0,0,0
301110006003,359,180,172,0,0,0,0,0,0,0,0,0,0,0,0
301110007011,1064,453,590,0,0,0,0,0,0,0,0,0,0,0,0
301110007012,674,290,364,0,0,0,0,0,0,0,0,0,0,0,0
301110007013,564,248,298,0,0,0,0,0,0,0,0,0,0,0,0
301110007021,560,244,298,0,0,0,0,0,0,0,0,0,0,0,0
301110007022,699,296,381,0,0,0,0,0,0,0,0,0,0,0,0
301110007023,729,317,389,0,0,0,0,0,0,0,0,0,0,0,0
301110007024,278,117,151,0,0,0,0,0,0,0,0,0,0,0,0
301110007025,702,350,335,0,0,0,0,0,0,0,0,0,0,0,0
301110007041,551,236,305,0,0,0,0,0,0,0,0,0,0,0,0
301110007042,598,258,329,0,0,0,0,0,0,0,0,0,0,0,0
301110007043,876,332,527,0,0,0,0,0,0,0,0,0,0,0,0
301110007051,613,276,324,0,0,0,0,0,0,0,0,0,0,0,0
301110007052,650,296,341,0,0,0,0,0,0,0,0,0,0,0,0
301110007053,591,269,310,0,0,0,0,0,0,0,0,0,0,0,0
301110007061,303,145,150,0,0,0,0,0,0,0,0,0,0,0,0
301110007062,429,184,237,0,0,0,0,0,0,0,0,0,0,0,0
301110007063,409,203,197,0,0,0,0,0,0,0,0,0,0,0,0
301110007064,564,282,269,0,0,0,0,0,0,0,0,0,0,0,0
301110008001,494,224,258,0,0,0,0,0,0,0,0,0,0,0,0
301110008002,652,295,340,0,0,0,0,0,0,0,0,0,0,0,0
301110008003,722,327,377,0,0,0,0,0,0,0,0,0,0,0,0
301110009011,447,251,176,0,0,0,0,0,0,0,0,0,0,0,0
301110009012,377,198,162,0,0,0,0,0,0,0,0,0,0,0,0
301110009013,426,231,183,0,0,0,0,0,0,0,0,0,0,0,0
301110009021,472,289,165,0,0,0,0,0,0,0,0,0,0,0,0
301110009022,377,221,143,0,0,0,0,0,0,0,0,0,0,0,0
301110009023,378,222,142,0,0,0,0,0,0,0,0,0,0,0,0
301110009024,660,379,253,0,0,0,0,0,0,0,0,0,0,0,0
301110010001,574,333,221,0,0,0,0,0,0,0,0,0,0,0,0
301110010002,321,189,121,0,0,0,0,0,0,0,0,0,0,0,0
301110010003,287,170,109,0,0,0,0,0,0,0,0,0,0,0,0
301110010004,406,213,176,0,0,0,0,0,0,0,0,0,0,0,0
301110010005,415,219,179,0,0,0,0,0,0,0,0,0,0,0,0
301110011001,729,414,291,0,0,0,0,0,0,0,0,0,0,0,0
301110011002,631,328,283,0,0,0,0,0,0,0,0,0,0,0,0
301110011003,513,253,242,0,0,0,0,0,0,0,0,0,0,0,0
301110011004,695,329,340,0,0,0,0,0,0,0,0,0,0,0,0
301110012001,718,359,341,0,0,0,0,0,0,0,0,0,0,0,0
301110012002,770,363,393,0,0,0,0,0,0,0,0,0,0,0,0
301110013001,989,430,544,0,0,0,0,0,0,0,0,0,0,0,0
301110013002,625,288,318,0,0,0,0,0,0,0,0,0,0,0,0
301110013003,739,357,363,0,0,0,0,0,0,0,0,0,0,0,0
301110013004,970,377,570,0,0,0,0,0,0,0,0,0,0,0,0
301110013005,727,303,407,0,0,0,0,0,0,0,0,0,0,0,0
301110014011,515,186,314,0,0,0,0,0,0,0,0,0,0,0,0
301110014012,922,294,606,0,0,0,0,0,0,0,0,0,0,0,0
301110014013,510,191,304,0,0,0,0,0,0,0,0,0,0,0,0
301110014014,846,280,547,0,0,0,0,0,0,0,0,0,0,0,0
301110014015,748,261,466,0,0,0,0,0,0,0,0,0,0,0,0
301110014016,1215,379,818,0,0,0,0,0,0,0,0,0,0,0,0
301110014021,1516,590,902,0,0,0,0,0,0,0,0,0,0,0,0
301110014022,643,231,392,0,0,0,0,0,0,0,0,0,0,0,0
301110014023,679,223,432,0,0,0,0,0,0,0,0,0,0,0,0
301110015011,1019,342,656,0,0,0,0,0,0,0,0,0,0,0,0
301110015012,410,131,265,0,0,0,0,0,0,0,0,0,0,0,0
301110015013,698,222,451,0,0,0,0,0,0,0,0,0,0,0,0
301110015021,658,220,419,0,0,0,0,0,0,0,0,0,0,0,0
301110015022,613,226,367,0,0,0,0,0,0,0,0,0,0,0,0
301110015023,896,353,515,0,0,0,0,0,0,0,0,0,0,0,0
301110017021,674,351,306,0,0,0,0,0,0,0,0,0,0,0,0
301110017022,474,243,215,0,0,0,0,0,0,0,0,0,0,0,0
301110017023,475,241,220,0,0,0,0,0,0,0,0,0,0,0,0
301110017024,673,342,315,0,0,0,0,0,0,0,0,0,0,0,0
301110017031,877,398,459,0,0,0,0,0,0,0,0,0,0,0,0
301110017032,798,364,417,0,0,0,0,0,0,0,0,0,0,0,0
301110017033,810,411,371,0,0,0,0,0,0,0,0,0,0,0,0
301110017041,455,230,211,0,0,0,0,0,0,0,0,0,0,0,0
301110017042,1062,501,538,0,0,0,0,0,0,0,0,0,0,0,0
301110017043,513,262,239,0,0,0,0,0,0,0,0,0,0,0,0
301110018011,861,277,572,0,0,0,0,0,0,0,0,0,0,0,0
301110018012,1253,390,846,0,0,0,0,0,0,0,0,0,0,0,0
301110018013,831,334,485,0,0,0,0,0,0,0,0,0,0,0,0
301110018021,744,310,416,0,0,0,0,0,0,0,0,0,0,0,0
301110018022,838,341,482,0,0,0,0,0,0,0,0,0,0,0,0
301110018023,927,388,523,0,0,0,0,0,0,0,0,0,0,0,0
301110018024,915,376,524,0,0,0,0,0,0,0,0,0,0,0,0
301110018031,411,183,214,0,0,0,0,0,0,0,0,0,0,0,0
301110018032,678,315,341,0,0,0,0,0,0,0,0,0,0,0,0
301110018041,591,268,310,0,0,0,0,0,0,0,0,0,0,0,0
301110018042,727,310,400,0,0,0,0,0,0,0,0,0,0,0,0
301110018043,435,220,202,0,0,0,0,0,0,0,0,0,0,0,0
301110019011,1107,503,572,0,0,0,0,0,0,0,0,0,0,0,0
301110019012,340,170,155,0,0,0,0,0,0,0,0,0,0,0,0
301110019013,599,290,289,0,0,0,0,0,0,0,0,0,0,0,0
301110019014,281,146,121,0,0,0,0,0,0,0,0,0,0,0,0
301110019021,630,236,375,0,0,0,0,0,0,0,0,0,0,0,0
301110019022,439,225,196,0,0,0,0,0,0,0,0,0,0,0,0
301110019023,519,277,224,0,0,0,0,0,0,0,0,0,0,0,0
301119400001,522,200,310,0,0,0,0,0,0,0,0,0,0,0,0
301119400002,803,314,456,0,0,0,0,0,0,0,0,0,0,0,0
301119400003,749,338,392,0,0,0,0,0,0,0,0,0,0,0,0
301119400004,776,301,457,0,0,0,0,0,0,0,0,0,0,0,0
301119400005,613,261,339,0,0,0,0,0,0,0,0,0,0,0,0
