GEOID10,Tot_2016_pres,Dem_2016_pres,Rep_2016_pres,Tot_2008_pres,Dem_2008_pres,Rep_2008_pres
470010008,0,0,0,1313,290,1004
470010010,0,0,0,330,79,247
470010012,0,0,0,321,120,198
470010016,0,0,0,944,618,314
470010024,0,0,0,2950,839,2063
470010028,0,0,0,2185,694,1466
470010032,0,0,0,1055,313,722
470010036,0,0,0,656,182,466
470010040,0,0,0,866,224,631
470010044,0,0,0,2003,887,1099
470010048,0,0,0,1137,322,790
470010052,0,0,0,1327,356,952
470010056,0,0,0,1668,737,901
470010060,0,0,0,998,503,474
470010064,0,0,0,442,165,270
470010068,0,0,0,1304,367,923
470010072,0,0,0,693,194,480
470010076,0,0,0,891,406,471
470010080,0,0,0,968,337,614
470010084,0,0,0,834,249,570
470010088,0,0,0,504,172,325
470010092,0,0,0,1625,701,889
470010096,0,0,0,891,385,484
470010100,0,0,0,69,38,31
470010104,0,0,0,982,260,705
470010108,0,0,0,1542,671,846
470010112,0,0,0,542,163,371
470010114,0,0,0,1635,688,925
470010116,0,0,0,895,436,444
470030124,0,0,0,1387,334,1031
470030128,0,0,0,767,243,506
470030132,0,0,0,835,231,590
470030144,0,0,0,731,227,499
470030156,0,0,0,1507,687,790
470030160,0,0,0,985,483,483
470030164,0,0,0,1314,339,957
470030168,0,0,0,549,180,354
470030176,0,0,0,567,152,410
470030180,0,0,0,579,145,424
470030188,0,0,0,495,107,382
470030196,0,0,0,613,157,444
470030204,0,0,0,961,308,642
470030208,0,0,0,1116,617,481
470030212,0,0,0,698,183,498
470030220,0,0,0,1336,369,940
470030224,0,0,0,462,134,322
470030225,0,0,0,605,131,464
470050232,0,0,0,1037,418,601
470050252,0,0,0,1252,509,719
470050296,0,0,0,1075,399,658
470050304,0,0,0,1072,454,593
470050308,0,0,0,1022,407,590
470050312,0,0,0,1021,458,535
470070316,0,0,0,184,73,105
470070320,0,0,0,136,77,59
470070324,0,0,0,403,100,286
470070328,0,0,0,556,119,425
470070332,0,0,0,253,59,191
470070336,0,0,0,449,135,304
470070340,0,0,0,299,102,190
470070344,0,0,0,516,126,382
470070348,0,0,0,393,63,325
470070352,0,0,0,309,135,162
470070354,0,0,0,368,160,205
470070356,0,0,0,141,41,92
470070358,0,0,0,467,192,268
470070359,0,0,0,68,16,52
470070360,0,0,0,242,119,120
470090376,0,0,0,2249,708,1505
470090378,0,0,0,35,14,21
470090380,0,0,0,964,636,319
470090384,0,0,0,853,193,647
470090388,0,0,0,3071,799,2222
470090392,0,0,0,1357,348,988
470090394,0,0,0,51,16,35
470090395,0,0,0,67,11,56
470090396,0,0,0,1628,603,986
470090398,0,0,0,109,39,70
470090400,0,0,0,1391,409,941
470090404,0,0,0,750,219,526
470090406,0,0,0,797,190,600
470090408,0,0,0,1393,466,905
470090410,0,0,0,13,3,10
470090412,0,0,0,1201,437,729
470090416,0,0,0,98,19,79
470090417,0,0,0,1522,387,1113
470090424,0,0,0,724,179,534
470090425,0,0,0,367,73,291
470090428,0,0,0,77,35,39
470090432,0,0,0,1701,399,1275
470090436,0,0,0,1414,353,1041
470090440,0,0,0,1854,545,1287
470090444,0,0,0,1632,444,1168
470090446,0,0,0,1182,343,830
470090447,0,0,0,58,10,47
470090448,0,0,0,1084,413,654
470090452,0,0,0,2056,649,1375
470090456,0,0,0,2125,686,1413
470090460,0,0,0,910,359,535
470090461,0,0,0,408,134,263
470090464,0,0,0,653,190,448
470090466,0,0,0,120,33,82
470090468,0,0,0,442,130,304
470090472,0,0,0,3286,878,2352
470090476,0,0,0,1126,323,786
470090480,0,0,0,1711,382,1294
470090488,0,0,0,1410,371,1014
470090492,0,0,0,817,315,491
470090494,0,0,0,181,62,117
470090496,0,0,0,397,111,278
470090498,0,0,0,49,12,37
470090500,0,0,0,1638,391,1224
470090504,0,0,0,1009,297,700
470090505,0,0,0,242,74,165
470090508,0,0,0,404,104,296
470090512,0,0,0,1724,542,1168
470090516,0,0,0,757,205,543
470090519,0,0,0,1827,484,1296
470090520,0,0,0,711,230,472
470110524,0,0,0,1343,301,1022
470110528,0,0,0,3347,652,2662
470110532,0,0,0,2055,378,1663
470110536,0,0,0,4118,970,3113
470110544,0,0,0,2651,645,1971
470110556,0,0,0,2202,711,1452
470110564,0,0,0,2877,641,2208
470110572,0,0,0,2281,480,1774
470110576,0,0,0,3018,699,2269
470110580,0,0,0,2265,674,1560
470110584,0,0,0,1057,494,547
470110592,0,0,0,1508,296,1186
470110600,0,0,0,1184,312,851
470110604,0,0,0,939,153,763
470110608,0,0,0,1889,404,1450
470110616,0,0,0,3442,984,2419
470110618,0,0,0,2015,563,1423
470130644,0,0,0,1137,347,770
470130648,0,0,0,44,26,16
470130652,0,0,0,223,61,152
470130656,0,0,0,414,121,283
470130660,0,0,0,693,173,507
470130668,0,0,0,727,192,529
470130672,0,0,0,969,342,596
470130678,0,0,0,263,66,193
470130680,0,0,0,663,177,477
470130684,0,0,0,363,98,255
470130688,0,0,0,1015,288,714
470130692,0,0,0,1197,332,853
470130696,0,0,0,882,314,561
470130700,0,0,0,337,76,256
470130704,0,0,0,345,119,218
470130708,0,0,0,304,102,191
470130712,0,0,0,707,232,460
470130720,0,0,0,1188,347,828
470130724,0,0,0,271,85,179
470130728,0,0,0,688,272,398
470130732,0,0,0,198,97,99
470150740,0,0,0,442,150,284
470150748,0,0,0,864,313,533
470150752,0,0,0,206,89,107
470150756,0,0,0,280,91,181
470150760,0,0,0,213,93,117
470150764,0,0,0,265,116,145
470150768,0,0,0,1227,394,809
470150772,0,0,0,880,408,451
470150776,0,0,0,1080,357,695
470170788,0,0,0,1752,586,1136
470170792,0,0,0,1138,358,761
470170800,0,0,0,516,130,375
470170804,0,0,0,208,43,160
470170808,0,0,0,182,64,110
470170812,0,0,0,685,287,385
470170816,0,0,0,573,242,324
470170820,0,0,0,126,57,64
470170832,0,0,0,306,64,232
470170836,0,0,0,144,53,88
470170840,0,0,0,722,274,436
470170844,0,0,0,779,344,421
470170848,0,0,0,314,103,197
470170852,0,0,0,339,124,213
470170856,0,0,0,148,30,117
470170860,0,0,0,740,281,452
470170864,0,0,0,106,32,71
470170868,0,0,0,1190,329,842
470170872,0,0,0,624,248,369
470170876,0,0,0,425,147,268
470170880,0,0,0,497,156,331
470170884,0,0,0,132,28,103
470190892,0,0,0,1167,309,839
470190896,0,0,0,1284,308,954
470190900,0,0,0,915,234,667
470190904,0,0,0,176,69,105
470190908,0,0,0,1461,375,1078
470190912,0,0,0,788,197,579
470190916,0,0,0,2708,766,1909
470190920,0,0,0,890,360,510
470190924,0,0,0,1513,446,1034
470190928,0,0,0,1655,359,1275
470190932,0,0,0,833,226,592
470190936,0,0,0,271,69,199
470190944,0,0,0,523,92,420
470190952,0,0,0,583,155,414
470190956,0,0,0,1397,280,1101
470190960,0,0,0,515,101,403
470190964,0,0,0,1161,272,871
470190968,0,0,0,857,204,640
470190972,0,0,0,1314,326,972
470190976,0,0,0,250,65,179
470190980,0,0,0,1508,374,1111
470210988,0,0,0,2143,839,1271
470210996,0,0,0,2381,677,1675
470211000,0,0,0,3291,931,2306
470211004,0,0,0,46,13,32
470211008,0,0,0,1642,495,1129
470211010,0,0,0,972,289,668
470211012,0,0,0,743,268,458
470211016,0,0,0,2018,757,1231
470211020,0,0,0,3192,1229,1932
470231032,0,0,0,404,109,289
470231040,0,0,0,334,97,237
470231044,0,0,0,303,95,203
470231048,0,0,0,457,120,333
470231052,0,0,0,730,214,509
470231068,0,0,0,244,72,169
470231076,0,0,0,251,45,202
470231080,0,0,0,665,135,522
470231084,0,0,0,1230,256,960
470231088,0,0,0,1188,421,755
470231092,0,0,0,653,233,408
470251104,0,0,0,1434,405,1011
470251112,0,0,0,489,101,380
470251116,0,0,0,225,109,113
470251120,0,0,0,699,216,475
470251124,0,0,0,200,60,133
470251128,0,0,0,170,53,105
470251132,0,0,0,373,82,285
470251136,0,0,0,705,192,501
470251140,0,0,0,147,35,111
470251144,0,0,0,118,30,87
470251148,0,0,0,258,80,178
470251152,0,0,0,1135,329,785
470251156,0,0,0,550,123,419
470251160,0,0,0,376,106,257
470251164,0,0,0,702,214,484
470251168,0,0,0,675,192,470
470251172,0,0,0,1507,527,952
470251176,0,0,0,657,224,429
470271180,0,0,0,610,195,400
470271190,0,0,0,552,173,365
470271196,0,0,0,605,335,261
470271210,0,0,0,212,92,116
470271212,0,0,0,394,181,204
470271220,0,0,0,310,158,144
470271224,0,0,0,311,114,186
470291240,0,0,0,44,10,33
470291244,0,0,0,527,142,377
470291248,0,0,0,491,141,344
470291250,0,0,0,440,110,324
470291252,0,0,0,1131,263,845
470291256,0,0,0,630,197,429
470291260,0,0,0,1281,344,908
470291264,0,0,0,589,170,411
470291268,0,0,0,815,245,555
470291272,0,0,0,964,186,756
470291276,0,0,0,566,148,414
470291280,0,0,0,419,110,298
470291288,0,0,0,406,87,315
470291292,0,0,0,863,247,608
470291296,0,0,0,747,215,526
470291300,0,0,0,921,246,660
470291304,0,0,0,245,56,187
470291308,0,0,0,705,201,489
470291312,0,0,0,697,222,466
470311320,0,0,0,1198,407,768
470311324,0,0,0,491,146,332
470311328,0,0,0,687,275,400
470311330,0,0,0,1409,490,891
470311332,0,0,0,1133,412,701
470311334,0,0,0,914,334,561
470311336,0,0,0,1014,340,653
470311338,0,0,0,866,270,568
470311340,0,0,0,877,314,541
470311342,0,0,0,502,197,292
470311344,0,0,0,416,155,252
470311346,0,0,0,357,124,223
470311348,0,0,0,998,326,653
470311350,0,0,0,1010,312,683
470311352,0,0,0,959,343,602
470311354,0,0,0,711,175,517
470311356,0,0,0,1310,405,870
470311358,0,0,0,534,276,244
470311360,0,0,0,1493,409,1067
470311362,0,0,0,991,322,659
470311364,0,0,0,1270,364,891
470311368,0,0,0,526,162,349
470311372,0,0,0,616,339,268
470311376,0,0,0,508,235,265
470331384,0,0,0,489,91,391
470331388,0,0,0,365,200,161
470331392,0,0,0,507,120,379
470331396,0,0,0,599,194,397
470331400,0,0,0,504,124,373
470331404,0,0,0,441,126,310
470331408,0,0,0,535,120,406
470331412,0,0,0,491,356,132
470331416,0,0,0,467,131,329
470331420,0,0,0,489,202,278
470331424,0,0,0,594,140,448
470331428,0,0,0,556,163,390
470351436,0,0,0,2430,767,1624
470351444,0,0,0,1896,584,1280
470351448,0,0,0,1163,347,797
470351452,0,0,0,375,131,242
470351456,0,0,0,713,208,496
470351460,0,0,0,585,173,397
470351464,0,0,0,832,227,593
470351470,0,0,0,1137,331,785
470351474,0,0,0,867,265,592
470351482,0,0,0,738,216,509
470351486,0,0,0,683,182,496
470351490,0,0,0,1796,557,1215
470351494,0,0,0,263,61,196
470351498,0,0,0,476,152,310
470351502,0,0,0,664,208,435
470351504,0,0,0,370,100,259
470351512,0,0,0,410,77,331
470351516,0,0,0,1085,360,706
470351520,0,0,0,901,290,597
470351524,0,0,0,1345,381,940
470351528,0,0,0,1017,457,542
470351540,0,0,0,5459,1654,3755
470351544,0,0,0,507,161,339
470371556,0,0,0,893,397,488
470371560,0,0,0,446,111,330
470371572,0,0,0,2102,917,1142
470371576,0,0,0,1808,777,997
470371577,0,0,0,971,382,573
470371581,0,0,0,4084,1509,2545
470371584,0,0,0,708,210,483
470371585,0,0,0,3597,1501,2051
470371586,0,0,0,3299,1280,1982
470371588,0,0,0,799,230,565
470371589,0,0,0,526,210,308
470371592,0,0,0,2243,1163,1057
470371596,0,0,0,697,310,377
470371600,0,0,0,2144,1133,989
470371602,0,0,0,1059,621,430
470371604,0,0,0,1356,717,624
470371608,0,0,0,281,69,211
470371612,0,0,0,1009,536,454
470371616,0,0,0,735,484,246
470371618,0,0,0,720,497,209
470371620,0,0,0,3890,2053,1796
470371624,0,0,0,85,57,27
470371625,0,0,0,489,340,138
470371640,0,0,0,1771,850,895
470371644,0,0,0,1491,671,806
470371648,0,0,0,1477,574,875
470371656,0,0,0,2682,1148,1502
470371664,0,0,0,1804,714,1067
470371665,0,0,0,154,125,27
470371668,0,0,0,1680,691,958
470371669,0,0,0,927,470,437
470371672,0,0,0,185,96,86
470371676,0,0,0,295,167,118
470371680,0,0,0,2034,1223,775
470371684,0,0,0,191,95,93
470371688,0,0,0,1290,1054,216
470371692,0,0,0,1663,1318,337
470371695,0,0,0,1431,1252,156
470371696,0,0,0,536,441,82
470371697,0,0,0,794,777,12
470371698,0,0,0,2820,1404,1377
470371700,0,0,0,304,163,137
470371701,0,0,0,52,43,9
470371704,0,0,0,1435,997,432
470371706,0,0,0,2493,1770,687
470371710,0,0,0,59,39,20
470371714,0,0,0,421,337,77
470371716,0,0,0,1328,1311,11
470371720,0,0,0,1536,1186,318
470371724,0,0,0,898,768,122
470371725,0,0,0,573,233,332
470371728,0,0,0,132,103,26
470371740,0,0,0,896,661,221
470371741,0,0,0,3805,3715,70
470371742,0,0,0,416,300,113
470371744,0,0,0,316,118,192
470371752,0,0,0,1943,546,1365
470371760,0,0,0,521,180,329
470371768,0,0,0,890,863,19
470371772,0,0,0,662,647,8
470371780,0,0,0,327,322,4
470371784,0,0,0,1718,1567,129
470371788,0,0,0,3112,3078,23
470371794,0,0,0,883,873,7
470371800,0,0,0,932,584,327
470371802,0,0,0,124,98,24
470371804,0,0,0,2372,1323,998
470371808,0,0,0,1743,967,750
470371812,0,0,0,90,80,10
470371820,0,0,0,2672,1045,1582
470371822,0,0,0,1510,668,821
470371824,0,0,0,2990,1617,1344
470371826,0,0,0,3445,1937,1476
470371828,0,0,0,3096,1275,1782
470371836,0,0,0,2136,1391,711
470371840,0,0,0,1593,965,609
470371841,0,0,0,1470,739,722
470371844,0,0,0,2214,1326,850
470371847,0,0,0,833,599,224
470371852,0,0,0,1875,888,967
470371860,0,0,0,2736,1890,803
470371870,0,0,0,834,516,313
470371885,0,0,0,1066,674,380
470371888,0,0,0,2654,1343,1277
470371900,0,0,0,2255,1301,904
470371904,0,0,0,1779,1362,394
470371908,0,0,0,1786,1249,520
470371909,0,0,0,1011,696,309
470371910,0,0,0,10,8,2
470371920,0,0,0,1401,1036,348
470371922,0,0,0,1692,1103,561
470371928,0,0,0,2025,1328,673
470371932,0,0,0,1309,936,364
470371936,0,0,0,4674,3078,1558
470371937,0,0,0,773,578,186
470371938,0,0,0,2761,2217,519
470371940,0,0,0,3175,1984,1170
470371946,0,0,0,999,903,88
470371947,0,0,0,2493,2441,39
470371948,0,0,0,1772,1717,46
470371949,0,0,0,850,772,69
470371950,0,0,0,16,13,3
470371951,0,0,0,1421,1270,139
470371952,0,0,0,854,825,21
470371960,0,0,0,704,445,254
470371962,0,0,0,1912,1285,608
470371964,0,0,0,872,554,306
470371965,0,0,0,1286,718,542
470371968,0,0,0,1919,1218,680
470371976,0,0,0,1293,485,801
470371980,0,0,0,4699,2051,2586
470371984,0,0,0,3405,1303,2068
470371988,0,0,0,2044,1221,809
470371989,0,0,0,3191,2290,876
470371990,0,0,0,468,389,76
470371992,0,0,0,2204,1580,602
470371996,0,0,0,4701,2050,2603
470372000,0,0,0,1202,490,701
470372001,0,0,0,1794,679,1090
470372002,0,0,0,7,3,4
470372004,0,0,0,2160,1076,1042
470372008,0,0,0,2345,1118,1198
470372016,0,0,0,1826,822,993
470372018,0,0,0,2374,1156,1185
470372022,0,0,0,2306,883,1412
470372026,0,0,0,522,215,300
470372032,0,0,0,2205,763,1421
470372035,0,0,0,285,160,121
470372036,0,0,0,921,368,545
470372040,0,0,0,1970,524,1437
470372044,0,0,0,3333,1402,1910
470372048,0,0,0,1816,759,1040
470372050,0,0,0,1044,553,483
470372052,0,0,0,1387,495,886
470372068,0,0,0,1404,792,596
470372072,0,0,0,4019,1887,2091
470372074,0,0,0,4203,1801,2366
470372075,0,0,0,673,300,365
470372076,0,0,0,2045,827,1191
470372080,0,0,0,544,204,332
470372086,0,0,0,2226,1326,885
470372088,0,0,0,31,22,9
470372092,0,0,0,1212,828,369
470372095,0,0,0,1106,788,306
470372096,0,0,0,1337,785,526
470372097,0,0,0,2885,2732,137
470372098,0,0,0,461,133,324
470372104,0,0,0,1188,1140,39
470372112,0,0,0,1362,1157,185
470372116,0,0,0,1768,1286,453
470372120,0,0,0,540,423,110
470372122,0,0,0,246,185,50
470372124,0,0,0,1993,1845,128
470372130,0,0,0,847,809,30
470372131,0,0,0,1113,994,94
470372140,0,0,0,851,821,23
470372142,0,0,0,1769,1366,365
470372144,0,0,0,1324,1038,258
470372146,0,0,0,616,385,220
470372148,0,0,0,1886,1413,434
470372156,0,0,0,1765,1622,133
470372164,0,0,0,1176,791,362
470372166,0,0,0,613,475,126
470372172,0,0,0,1880,1231,612
470372176,0,0,0,1818,1026,760
470372180,0,0,0,1725,1130,563
470372183,0,0,0,1787,1253,503
470372184,0,0,0,1594,1021,545
470372192,0,0,0,1695,1183,489
470372196,0,0,0,1636,901,712
470372197,0,0,0,786,508,263
470372200,0,0,0,2840,1804,1007
470392216,0,0,0,553,201,341
470392224,0,0,0,170,44,124
470392228,0,0,0,311,100,204
470392232,0,0,0,424,159,256
470392234,0,0,0,102,24,76
470392236,0,0,0,593,239,340
470392240,0,0,0,490,205,278
470392244,0,0,0,446,127,311
470392248,0,0,0,325,108,209
470392252,0,0,0,233,83,146
470392256,0,0,0,574,145,415
470392260,0,0,0,179,32,144
470392264,0,0,0,363,99,257
470412272,0,0,0,674,265,400
470412276,0,0,0,235,82,149
470412280,0,0,0,76,26,48
470412284,0,0,0,393,114,267
470412288,0,0,0,289,134,151
470412289,0,0,0,377,138,230
470412292,0,0,0,1005,390,591
470412300,0,0,0,105,38,65
470412304,0,0,0,159,41,114
470412308,0,0,0,884,378,490
470412312,0,0,0,294,91,194
470412316,0,0,0,759,317,425
470412320,0,0,0,248,105,139
470412324,0,0,0,384,181,191
470412328,0,0,0,387,161,223
470412332,0,0,0,796,371,408
470432340,0,0,0,533,153,372
470432344,0,0,0,843,288,546
470432348,0,0,0,1110,439,656
470432356,0,0,0,1445,666,757
470432360,0,0,0,597,248,339
470432364,0,0,0,767,228,529
470432368,0,0,0,666,253,399
470432380,0,0,0,1531,590,918
470432384,0,0,0,1485,635,820
470432392,0,0,0,1456,721,717
470432396,0,0,0,1537,544,964
470432400,0,0,0,1270,430,820
470432408,0,0,0,1540,618,895
470432416,0,0,0,396,132,254
470432420,0,0,0,789,282,495
470432424,0,0,0,895,359,520
470432428,0,0,0,1152,367,755
470432432,0,0,0,1507,553,921
470452444,0,0,0,1453,354,1079
470452448,0,0,0,1938,542,1381
470452452,0,0,0,427,82,342
470452456,0,0,0,613,153,446
470452460,0,0,0,850,773,77
470452464,0,0,0,803,266,529
470452468,0,0,0,1324,455,844
470452472,0,0,0,703,165,535
470452476,0,0,0,694,181,502
470452484,0,0,0,372,96,271
470452492,0,0,0,1098,358,725
470452496,0,0,0,792,110,669
470452500,0,0,0,1603,440,1142
470452508,0,0,0,700,164,529
470452516,0,0,0,432,89,334
470452520,0,0,0,648,183,454
470472533,0,0,0,762,365,391
470472537,0,0,0,1093,414,670
470472540,0,0,0,956,338,607
470472545,0,0,0,1237,626,596
470472549,0,0,0,417,193,219
470472553,0,0,0,944,238,699
470472556,0,0,0,625,250,369
470472559,0,0,0,668,233,428
470472561,0,0,0,1880,989,872
470472564,0,0,0,689,255,430
470472572,0,0,0,365,177,188
470472576,0,0,0,659,491,161
470472581,0,0,0,317,124,190
470472588,0,0,0,2524,570,1937
470472593,0,0,0,4324,1068,3207
470472596,0,0,0,540,170,358
470472600,0,0,0,1254,391,851
470492608,0,0,0,620,152,455
470492612,0,0,0,514,166,339
470492616,0,0,0,736,204,520
470492620,0,0,0,316,98,212
470492624,0,0,0,225,64,161
470492628,0,0,0,522,133,377
470492632,0,0,0,670,192,460
470492636,0,0,0,249,75,172
470492640,0,0,0,974,252,706
470492644,0,0,0,471,110,348
470492648,0,0,0,560,184,369
470492652,0,0,0,581,144,429
470492656,0,0,0,301,57,241
470512664,0,0,0,786,324,433
470512668,0,0,0,427,120,303
470512672,0,0,0,762,154,587
470512676,0,0,0,966,307,644
470512678,0,0,0,604,142,452
470512684,0,0,0,1281,414,850
470512688,0,0,0,1000,376,607
470512692,0,0,0,1439,518,892
470512696,0,0,0,834,381,436
470512700,0,0,0,1308,399,899
470512704,0,0,0,1353,414,922
470512708,0,0,0,300,135,163
470512712,0,0,0,637,180,438
470512716,0,0,0,601,272,323
470512720,0,0,0,2255,1593,635
470512724,0,0,0,253,118,133
470512728,0,0,0,1092,355,722
470512730,0,0,0,1534,411,1100
470532736,0,0,0,547,183,350
470532740,0,0,0,332,93,231
470532748,0,0,0,225,54,170
470532752,0,0,0,193,41,148
470532756,0,0,0,1452,531,896
470532760,0,0,0,245,77,159
470532764,0,0,0,193,79,109
470532768,0,0,0,122,50,69
470532772,0,0,0,564,511,51
470532776,0,0,0,388,123,257
470532780,0,0,0,617,149,457
470532784,0,0,0,921,272,638
470532788,0,0,0,368,75,285
470532796,0,0,0,687,412,262
470532800,0,0,0,300,66,224
470532804,0,0,0,614,582,24
470532812,0,0,0,226,61,159
470532816,0,0,0,404,125,272
470532820,0,0,0,300,74,220
470532828,0,0,0,2041,298,1719
470532832,0,0,0,672,287,376
470532836,0,0,0,1169,227,924
470532838,0,0,0,956,281,660
470532840,0,0,0,591,492,95
470532842,0,0,0,247,54,188
470532844,0,0,0,543,111,426
470532856,0,0,0,716,208,492
470532860,0,0,0,615,140,469
470532864,0,0,0,313,35,267
470532868,0,0,0,354,53,297
470532872,0,0,0,480,176,300
470532876,0,0,0,1423,703,706
470532880,0,0,0,699,241,440
470532884,0,0,0,948,374,566
470532888,0,0,0,394,72,317
470532892,0,0,0,394,96,293
470552900,0,0,0,686,550,132
470552904,0,0,0,516,190,315
470552908,0,0,0,992,334,649
470552912,0,0,0,535,253,273
470552916,0,0,0,739,273,457
470552920,0,0,0,804,265,523
470552924,0,0,0,814,284,514
470552928,0,0,0,840,233,596
470552932,0,0,0,839,467,358
470552936,0,0,0,769,226,535
470552940,0,0,0,1043,330,691
470552944,0,0,0,990,314,659
470552948,0,0,0,954,469,470
470552952,0,0,0,1168,426,730
470572960,0,0,0,744,202,520
470572964,0,0,0,857,196,645
470572968,0,0,0,537,192,335
470572972,0,0,0,989,236,741
470572976,0,0,0,947,276,647
470572980,0,0,0,797,157,623
470572984,0,0,0,513,208,293
470572988,0,0,0,614,149,459
470572992,0,0,0,804,198,593
470572994,0,0,0,701,252,441
470593000,0,0,0,545,368,169
470593004,0,0,0,749,197,534
470593008,0,0,0,639,137,492
470593012,0,0,0,887,234,647
470593016,0,0,0,1003,258,726
470593020,0,0,0,1192,327,848
470593024,0,0,0,360,121,231
470593028,0,0,0,1659,397,1233
470593032,0,0,0,953,301,638
470593036,0,0,0,806,232,564
470593040,0,0,0,948,283,651
470593044,0,0,0,592,144,434
470593048,0,0,0,852,220,622
470593052,0,0,0,766,227,526
470593056,0,0,0,682,220,454
470593060,0,0,0,383,157,223
470593072,0,0,0,516,100,410
470593076,0,0,0,818,273,537
470593080,0,0,0,592,185,395
470593084,0,0,0,515,162,342
470593088,0,0,0,1087,302,763
470593092,0,0,0,494,131,349
470593096,0,0,0,967,294,651
470593100,0,0,0,639,176,449
470593104,0,0,0,330,81,243
470593108,0,0,0,852,268,573
470593112,0,0,0,753,183,556
470593116,0,0,0,316,84,229
470593117,0,0,0,448,121,318
470593120,0,0,0,949,279,656
470593124,0,0,0,1129,328,780
470593128,0,0,0,246,65,173
470593129,0,0,0,267,71,191
470593136,0,0,0,736,184,544
470613144,0,0,0,72,33,35
470613150,0,0,0,108,19,87
470613152,0,0,0,173,79,94
470613160,0,0,0,425,199,213
470613164,0,0,0,602,239,339
470613166,0,0,0,155,61,92
470613168,0,0,0,703,317,372
470613176,0,0,0,493,195,288
470613178,0,0,0,200,83,115
470613180,0,0,0,260,154,101
470613184,0,0,0,200,68,129
470613192,0,0,0,122,65,55
470613200,0,0,0,1119,459,643
470633208,0,0,0,624,150,470
470633212,0,0,0,1260,344,898
470633216,0,0,0,768,265,481
470633220,0,0,0,547,159,371
470633224,0,0,0,2090,580,1475
470633228,0,0,0,2259,523,1710
470633232,0,0,0,2090,545,1519
470633236,0,0,0,1154,538,603
470633240,0,0,0,1061,457,579
470633244,0,0,0,1419,508,884
470633248,0,0,0,1068,418,635
470633252,0,0,0,1500,371,1113
470633256,0,0,0,1374,480,870
470633260,0,0,0,1870,478,1363
470633264,0,0,0,1700,496,1180
470633268,0,0,0,930,247,670
470633272,0,0,0,955,248,687
470653284,0,0,0,793,561,224
470653285,0,0,0,0,0,0
470653287,0,0,0,170,72,97
470653288,0,0,0,1467,1457,10
470653292,0,0,0,229,203,23
470653296,0,0,0,1357,1352,5
470653300,0,0,0,1359,1127,231
470653304,0,0,0,929,420,492
470653308,0,0,0,1254,626,614
470653312,0,0,0,1178,1162,16
470653316,0,0,0,379,203,175
470653324,0,0,0,375,295,75
470653325,0,0,0,300,297,3
470653328,0,0,0,1531,577,944
470653329,0,0,0,1317,532,782
470653330,0,0,0,336,94,241
470653332,0,0,0,1279,1144,129
470653336,0,0,0,950,878,69
470653340,0,0,0,1821,1326,469
470653344,0,0,0,1227,427,783
470653348,0,0,0,1787,572,1204
470653349,0,0,0,2183,803,1358
470653352,0,0,0,786,684,95
470653356,0,0,0,1438,984,442
470653360,0,0,0,851,671,172
470653361,0,0,0,43,36,7
470653364,0,0,0,1032,990,39
470653365,0,0,0,47,40,7
470653368,0,0,0,432,304,128
470653369,0,0,0,998,677,311
470653372,0,0,0,1085,1026,59
470653376,0,0,0,659,420,229
470653380,0,0,0,1366,521,831
470653381,0,0,0,1165,405,750
470653382,0,0,0,10,2,8
470653383,0,0,0,1148,378,760
470653384,0,0,0,541,494,39
470653388,0,0,0,1133,832,293
470653392,0,0,0,732,458,264
470653396,0,0,0,781,351,419
470653404,0,0,0,1011,449,552
470653408,0,0,0,1376,874,490
470653409,0,0,0,2,0,2
470653412,0,0,0,1262,476,765
470653413,0,0,0,1637,849,767
470653416,0,0,0,1204,653,541
470653420,0,0,0,614,351,259
470653421,0,0,0,847,534,292
470653424,0,0,0,1689,706,962
470653428,0,0,0,1089,431,637
470653429,0,0,0,59,18,41
470653432,0,0,0,1022,447,560
470653433,0,0,0,0,0,0
470653434,0,0,0,460,159,298
470653440,0,0,0,497,494,0
470653444,0,0,0,776,626,143
470653448,0,0,0,1895,961,908
470653452,0,0,0,1539,986,524
470653456,0,0,0,1410,613,782
470653458,0,0,0,648,333,308
470653460,0,0,0,780,539,231
470653464,0,0,0,840,380,457
470653465,0,0,0,1196,581,601
470653467,0,0,0,12,2,10
470653471,0,0,0,40,27,13
470653472,0,0,0,2143,718,1389
470653473,0,0,0,16,13,3
470653476,0,0,0,711,610,98
470653480,0,0,0,1523,391,1114
470653481,0,0,0,1250,306,937
470653484,0,0,0,1366,322,1019
470653488,0,0,0,3643,1234,2337
470653491,0,0,0,151,38,113
470653492,0,0,0,2071,883,1163
470653496,0,0,0,2442,941,1466
470653500,0,0,0,1211,402,801
470653504,0,0,0,1491,503,952
470653508,0,0,0,2304,794,1484
470653512,0,0,0,1744,635,1094
470653516,0,0,0,1303,362,924
470653520,0,0,0,3149,796,2325
470653522,0,0,0,18,11,7
470653524,0,0,0,370,183,187
470653528,0,0,0,3190,820,2348
470653532,0,0,0,2,2,0
470653533,0,0,0,1803,648,1137
470653536,0,0,0,2156,722,1412
470653540,0,0,0,2444,829,1594
470653544,0,0,0,4080,1151,2872
470653548,0,0,0,2405,791,1602
470653552,0,0,0,551,186,357
470653553,0,0,0,224,58,162
470653556,0,0,0,310,63,246
470653560,0,0,0,1900,568,1307
470653564,0,0,0,1316,393,904
470653568,0,0,0,1353,362,985
470653569,0,0,0,238,78,159
470653572,0,0,0,2184,610,1545
470653576,0,0,0,1012,271,731
470653580,0,0,0,2338,751,1568
470653582,0,0,0,1574,398,1157
470653584,0,0,0,1639,901,719
470653588,0,0,0,1552,765,772
470653589,0,0,0,9,9,0
470653592,0,0,0,2049,809,1211
470653595,0,0,0,0,0,0
470653600,0,0,0,1359,362,975
470653604,0,0,0,2322,878,1416
470653608,0,0,0,3027,1089,1912
470653612,0,0,0,3305,1124,2137
470653614,0,0,0,610,174,426
470653616,0,0,0,2103,626,1452
470653618,0,0,0,8,0,7
470653619,0,0,0,2,0,2
470653620,0,0,0,217,89,128
470653622,0,0,0,666,192,469
470653624,0,0,0,1442,550,875
470653629,0,0,0,231,74,154
470653630,0,0,0,15,7,8
470653631,0,0,0,2,2,0
470653632,0,0,0,3190,957,2194
470653636,0,0,0,4224,1160,3005
470653637,0,0,0,1067,458,591
470653638,0,0,0,177,94,79
470653640,0,0,0,2290,706,1573
470653641,0,0,0,1655,487,1158
470673648,0,0,0,428,130,281
470673652,0,0,0,346,63,278
470673656,0,0,0,267,67,197
470673660,0,0,0,276,73,196
470673664,0,0,0,299,76,217
470673668,0,0,0,239,83,154
470673672,0,0,0,386,112,265
470693680,0,0,0,1490,1012,464
470693684,0,0,0,898,731,166
470693688,0,0,0,721,351,362
470693692,0,0,0,368,74,291
470693700,0,0,0,1265,316,931
470693704,0,0,0,652,424,223
470693708,0,0,0,462,111,347
470693710,0,0,0,275,58,215
470693712,0,0,0,370,133,232
470693716,0,0,0,412,82,327
470693720,0,0,0,714,317,395
470693724,0,0,0,2506,1464,1023
470693728,0,0,0,1104,846,249
470713736,0,0,0,468,149,311
470713744,0,0,0,910,289,607
470713752,0,0,0,692,219,462
470713756,0,0,0,480,96,380
470713760,0,0,0,807,194,597
470713764,0,0,0,809,219,576
470713780,0,0,0,611,153,441
470713784,0,0,0,588,135,448
470713788,0,0,0,1301,384,902
470713796,0,0,0,197,31,159
470713800,0,0,0,572,139,423
470713804,0,0,0,351,71,275
470713808,0,0,0,391,163,221
470713812,0,0,0,207,91,111
470713816,0,0,0,360,125,230
470713820,0,0,0,421,116,301
470713824,0,0,0,440,94,338
470713828,0,0,0,430,126,295
470733844,0,0,0,544,117,411
470733849,0,0,0,1207,367,831
470733852,0,0,0,753,214,525
470733856,0,0,0,1577,398,1143
470733860,0,0,0,1001,301,681
470733864,0,0,0,777,155,615
470733868,0,0,0,2962,847,2061
470733872,0,0,0,273,106,164
470733876,0,0,0,262,85,173
470733880,0,0,0,327,116,201
470733884,0,0,0,649,222,419
470733888,0,0,0,957,290,655
470733892,0,0,0,2388,620,1736
470733896,0,0,0,682,229,447
470733897,0,0,0,660,139,508
470733900,0,0,0,941,261,657
470733904,0,0,0,1218,335,860
470733908,0,0,0,909,231,660
470733912,0,0,0,1670,488,1153
470733916,0,0,0,134,52,79
470733920,0,0,0,783,236,539
470733924,0,0,0,366,121,238
470753936,0,0,0,480,121,356
470753940,0,0,0,797,530,259
470753948,0,0,0,648,607,38
470753954,0,0,0,500,289,208
470753956,0,0,0,629,486,142
470753960,0,0,0,962,526,426
470753964,0,0,0,361,248,109
470753968,0,0,0,259,86,168
470753972,0,0,0,409,187,220
470753974,0,0,0,415,346,67
470753983,0,0,0,961,465,493
470753984,0,0,0,306,209,91
470753988,0,0,0,533,380,151
470753992,0,0,0,456,187,263
470753996,0,0,0,405,226,174
470774004,0,0,0,795,259,529
470774008,0,0,0,766,280,477
470774016,0,0,0,711,131,571
470774020,0,0,0,109,13,92
470774024,0,0,0,1303,456,827
470774028,0,0,0,1515,526,971
470774032,0,0,0,265,32,229
470774036,0,0,0,1846,521,1306
470774044,0,0,0,183,37,143
470774052,0,0,0,574,224,344
470774056,0,0,0,482,93,380
470774060,0,0,0,378,49,318
470774064,0,0,0,382,73,306
470774072,0,0,0,406,94,310
470774076,0,0,0,1119,233,866
470794088,0,0,0,711,188,517
470794092,0,0,0,1218,710,496
470794096,0,0,0,826,277,531
470794100,0,0,0,985,549,425
470794104,0,0,0,1341,432,885
470794108,0,0,0,1463,528,914
470794112,0,0,0,703,244,448
470794116,0,0,0,1330,444,866
470794124,0,0,0,542,259,271
470794128,0,0,0,1077,378,673
470794132,0,0,0,530,171,351
470794136,0,0,0,1344,376,955
470794140,0,0,0,1475,597,850
470814147,0,0,0,318,157,149
470814148,0,0,0,483,179,295
470814152,0,0,0,303,130,162
470814153,0,0,0,176,63,105
470814156,0,0,0,500,212,281
470814157,0,0,0,91,42,45
470814160,0,0,0,115,47,67
470814164,0,0,0,192,82,107
470814168,0,0,0,409,168,236
470814172,0,0,0,1037,443,575
470814176,0,0,0,1245,424,804
470814181,0,0,0,269,113,152
470814184,0,0,0,954,410,532
470814188,0,0,0,424,208,215
470814192,0,0,0,256,144,106
470814194,0,0,0,919,419,486
470814195,0,0,0,451,178,263
470814200,0,0,0,356,144,204
470834208,0,0,0,446,269,170
470834212,0,0,0,367,195,159
470834216,0,0,0,583,275,296
470834220,0,0,0,508,252,250
470834224,0,0,0,495,255,230
470834228,0,0,0,468,218,240
470834232,0,0,0,487,214,263
470854240,0,0,0,305,154,143
470854244,0,0,0,800,374,413
470854256,0,0,0,1204,588,591
470854260,0,0,0,913,511,379
470854264,0,0,0,1173,553,589
470854276,0,0,0,695,323,356
470854284,0,0,0,256,118,134
470854292,0,0,0,1081,520,538
470854304,0,0,0,1153,459,675
470874310,0,0,0,370,207,152
470874311,0,0,0,174,109,63
470874312,0,0,0,168,105,62
470874318,0,0,0,305,177,124
470874322,0,0,0,295,147,133
470874326,0,0,0,375,201,164
470874330,0,0,0,405,175,219
470874334,0,0,0,241,90,141
470874338,0,0,0,254,121,130
470874342,0,0,0,328,97,229
470874346,0,0,0,340,160,172
470874350,0,0,0,250,116,133
470874354,0,0,0,227,126,97
470874358,0,0,0,211,106,101
470874362,0,0,0,222,107,113
470874366,0,0,0,145,76,67
470874370,0,0,0,191,104,85
470894400,0,0,0,1039,287,735
470894404,0,0,0,1430,553,857
470894408,0,0,0,2378,678,1674
470894412,0,0,0,1262,412,814
470894416,0,0,0,2094,567,1505
470894420,0,0,0,1696,452,1220
470894422,0,0,0,812,226,576
470894424,0,0,0,2115,550,1533
470894428,0,0,0,1521,471,1029
470894432,0,0,0,1658,376,1259
470894436,0,0,0,2527,606,1890
470914444,0,0,0,702,220,458
470914448,0,0,0,634,207,410
470914452,0,0,0,428,116,306
470914454,0,0,0,448,137,309
470914456,0,0,0,531,165,353
470914460,0,0,0,454,132,315
470914464,0,0,0,870,236,621
470914468,0,0,0,538,143,377
470914472,0,0,0,533,130,394
470914476,0,0,0,919,210,698
470914484,0,0,0,475,129,336
470914488,0,0,0,59,12,44
470934492,0,0,0,1069,787,263
470934496,0,0,0,592,530,52
470934500,0,0,0,2065,1296,720
470934504,0,0,0,978,948,26
470934508,0,0,0,1677,1428,241
470934512,0,0,0,724,695,24
470934516,0,0,0,666,644,16
470934520,0,0,0,1066,895,150
470934528,0,0,0,653,491,157
470934540,0,0,0,1009,842,155
470934544,0,0,0,1072,729,312
470934552,0,0,0,1292,664,604
470934556,0,0,0,1860,975,844
470934560,0,0,0,1007,509,471
470934568,0,0,0,1024,618,388
470934572,0,0,0,485,313,163
470934576,0,0,0,1693,712,945
470934580,0,0,0,2073,835,1204
470934584,0,0,0,1180,473,684
470934592,0,0,0,389,192,193
470934596,0,0,0,1375,551,802
470934600,0,0,0,1593,760,794
470934604,0,0,0,1746,696,1025
470934608,0,0,0,1479,677,784
470934612,0,0,0,2335,1024,1269
470934616,0,0,0,2131,902,1195
470934620,0,0,0,2868,1214,1589
470934624,0,0,0,1226,651,548
470934628,0,0,0,2657,966,1641
470934632,0,0,0,1797,951,802
470934636,0,0,0,310,159,146
470934640,0,0,0,95,55,39
470934644,0,0,0,2445,1128,1286
470934648,0,0,0,4175,1918,2191
470934652,0,0,0,1388,822,536
470934656,0,0,0,571,407,144
470934660,0,0,0,355,174,178
470934664,0,0,0,2283,708,1552
470934668,0,0,0,4429,1616,2757
470934676,0,0,0,5839,1918,3813
470934680,0,0,0,6050,2325,3688
470934684,0,0,0,3038,1139,1864
470934686,0,0,0,6510,1977,4452
470934688,0,0,0,1581,738,783
470934692,0,0,0,8578,2568,5885
470934694,0,0,0,1177,331,829
470934696,0,0,0,6825,1986,4766
470934700,0,0,0,5673,1702,3904
470934704,0,0,0,1525,387,1120
470934705,0,0,0,268,64,200
470934708,0,0,0,7218,2254,4864
470934712,0,0,0,4623,1172,3392
470934713,0,0,0,1250,278,961
470934716,0,0,0,2632,798,1797
470934720,0,0,0,5109,1302,3733
470934724,0,0,0,1116,301,793
470934728,0,0,0,2133,482,1627
470934732,0,0,0,1738,453,1268
470934733,0,0,0,265,63,193
470934734,0,0,0,878,181,687
470934736,0,0,0,1215,688,509
470934740,0,0,0,1236,594,625
470934744,0,0,0,1400,628,751
470934748,0,0,0,1069,468,579
470934752,0,0,0,1521,585,909
470934756,0,0,0,1981,852,1094
470934760,0,0,0,1980,546,1414
470934764,0,0,0,4110,1011,3052
470934768,0,0,0,6250,1511,4661
470934772,0,0,0,1388,355,1016
470934776,0,0,0,1044,256,769
470934780,0,0,0,844,236,594
470934784,0,0,0,1278,513,744
470934788,0,0,0,1517,357,1120
470934792,0,0,0,3874,895,2920
470934796,0,0,0,398,87,303
470934800,0,0,0,83,66,17
470934804,0,0,0,698,232,460
470934808,0,0,0,2483,773,1674
470934812,0,0,0,592,126,455
470934816,0,0,0,1366,413,925
470934820,0,0,0,1309,373,924
470934824,0,0,0,911,217,673
470934828,0,0,0,1287,703,557
470934837,0,0,0,321,104,211
470934838,0,0,0,2620,1435,1127
470934844,0,0,0,1271,525,718
470934848,0,0,0,609,266,323
470934852,0,0,0,792,304,468
470934856,0,0,0,2801,804,1956
470934860,0,0,0,828,148,662
470934864,0,0,0,1761,468,1263
470934872,0,0,0,2604,965,1603
470934876,0,0,0,787,337,430
470954888,0,0,0,651,316,325
470954892,0,0,0,736,338,376
470954896,0,0,0,754,324,426
470954904,0,0,0,97,46,48
470974912,0,0,0,154,30,122
470974920,0,0,0,743,162,576
470974932,0,0,0,759,409,339
470974936,0,0,0,101,37,62
470974944,0,0,0,492,134,355
470974948,0,0,0,425,97,323
470974952,0,0,0,432,250,180
470974956,0,0,0,321,91,226
470974960,0,0,0,298,138,159
470974964,0,0,0,214,71,142
470974967,0,0,0,1286,531,736
470974976,0,0,0,698,516,174
470974980,0,0,0,286,69,215
470975004,0,0,0,534,225,305
470975008,0,0,0,1362,570,782
470975012,0,0,0,1233,992,237
470995016,0,0,0,319,120,195
470995018,0,0,0,446,181,255
470995020,0,0,0,484,210,262
470995022,0,0,0,477,226,240
470995032,0,0,0,936,289,634
470995033,0,0,0,229,84,140
470995034,0,0,0,584,218,356
470995040,0,0,0,806,209,585
470995041,0,0,0,180,34,145
470995044,0,0,0,497,146,338
470995050,0,0,0,621,183,427
470995052,0,0,0,295,86,199
470995064,0,0,0,337,110,224
470995068,0,0,0,852,267,572
470995070,0,0,0,176,44,130
470995072,0,0,0,612,143,457
470995080,0,0,0,980,385,574
470995090,0,0,0,1035,270,755
470995092,0,0,0,390,118,267
470995100,0,0,0,796,280,500
470995102,0,0,0,379,80,293
470995104,0,0,0,1115,390,695
470995108,0,0,0,546,225,310
470995110,0,0,0,434,121,307
470995112,0,0,0,640,187,441
470995114,0,0,0,152,54,98
470995116,0,0,0,427,140,272
470995120,0,0,0,1093,285,790
470995132,0,0,0,182,76,105
471015144,0,0,0,685,322,349
471015148,0,0,0,561,188,369
471015160,0,0,0,607,208,388
471015168,0,0,0,537,163,361
471015176,0,0,0,594,187,396
471015184,0,0,0,485,186,291
471015188,0,0,0,553,195,347
471015191,0,0,0,407,182,222
471015192,0,0,0,405,173,228
471035200,0,0,0,766,478,281
471035204,0,0,0,1346,438,885
471035208,0,0,0,380,68,305
471035212,0,0,0,754,157,592
471035213,0,0,0,484,111,360
471035216,0,0,0,768,209,549
471035225,0,0,0,679,168,503
471035228,0,0,0,543,136,403
471035232,0,0,0,269,88,179
471035236,0,0,0,667,159,494
471035240,0,0,0,950,240,697
471035242,0,0,0,777,174,594
471035244,0,0,0,474,123,344
471035248,0,0,0,696,187,499
471035252,0,0,0,521,145,365
471035256,0,0,0,1056,193,847
471035260,0,0,0,295,80,210
471035264,0,0,0,430,107,314
471035268,0,0,0,834,342,475
471035276,0,0,0,441,92,335
471055284,0,0,0,1039,311,713
471055288,0,0,0,341,87,248
471055292,0,0,0,3672,898,2715
471055296,0,0,0,978,232,731
471055300,0,0,0,1116,278,820
471055304,0,0,0,2586,691,1861
471055312,0,0,0,696,217,461
471055316,0,0,0,2380,806,1515
471055324,0,0,0,1443,393,1036
471055328,0,0,0,1672,540,1102
471055332,0,0,0,279,50,226
471055334,0,0,0,3774,945,2814
471055336,0,0,0,874,233,630
471055338,0,0,0,1334,377,943
471075896,0,0,0,678,240,428
471075900,0,0,0,797,364,424
471075904,0,0,0,1547,441,1089
471075908,0,0,0,1409,532,855
471075912,0,0,0,717,144,562
471075920,0,0,0,954,214,729
471075928,0,0,0,1121,332,773
471075932,0,0,0,2312,610,1675
471075940,0,0,0,1851,542,1275
471075942,0,0,0,429,124,298
471075948,0,0,0,1487,418,1053
471075952,0,0,0,1100,269,820
471075956,0,0,0,1612,437,1155
471075960,0,0,0,563,222,324
471075964,0,0,0,2212,652,1529
471095972,0,0,0,688,226,451
471095984,0,0,0,176,36,139
471095992,0,0,0,398,107,283
471095996,0,0,0,390,95,281
471096000,0,0,0,273,152,118
471096004,0,0,0,375,130,238
471096008,0,0,0,356,82,269
471096012,0,0,0,366,73,289
471096016,0,0,0,1134,313,809
471096024,0,0,0,936,394,531
471096028,0,0,0,773,240,526
471096032,0,0,0,232,61,167
471096036,0,0,0,670,196,456
471096040,0,0,0,629,136,481
471096044,0,0,0,1446,450,977
471096048,0,0,0,390,118,265
471096052,0,0,0,1190,322,855
471115340,0,0,0,944,246,680
471115344,0,0,0,631,181,434
471115348,0,0,0,572,192,360
471115352,0,0,0,1226,346,852
471115356,0,0,0,337,83,249
471115360,0,0,0,904,280,606
471115364,0,0,0,435,132,294
471115368,0,0,0,793,182,602
471115372,0,0,0,420,81,327
471115392,0,0,0,1098,337,741
471135440,0,0,0,486,387,93
471135442,0,0,0,1443,1386,48
471135450,0,0,0,1516,1142,364
471135452,0,0,0,1208,417,783
471135454,0,0,0,2064,1000,1033
471135460,0,0,0,1573,804,757
471135462,0,0,0,479,93,381
471135470,0,0,0,1048,727,314
471135472,0,0,0,1137,672,461
471135476,0,0,0,1993,863,1118
471135480,0,0,0,1500,1461,35
471135482,0,0,0,1868,1798,67
471135490,0,0,0,1855,630,1198
471135492,0,0,0,766,212,548
471135494,0,0,0,443,86,353
471135496,0,0,0,1099,263,827
471135498,0,0,0,491,200,286
471135500,0,0,0,648,567,81
471135502,0,0,0,1130,517,592
471135504,0,0,0,762,634,128
471135506,0,0,0,358,132,220
471135510,0,0,0,579,171,405
471135512,0,0,0,1979,548,1418
471135514,0,0,0,798,134,652
471135516,0,0,0,652,241,408
471135520,0,0,0,2059,831,1216
471135522,0,0,0,3106,701,2384
471135524,0,0,0,3488,1193,2270
471135526,0,0,0,2211,713,1483
471135528,0,0,0,1063,456,601
471135530,0,0,0,366,75,282
471135532,0,0,0,2363,872,1463
471135534,0,0,0,1315,283,1021
471155580,0,0,0,1475,842,615
471155584,0,0,0,502,181,315
471155590,0,0,0,69,27,40
471155592,0,0,0,149,57,89
471155594,0,0,0,204,75,124
471155596,0,0,0,591,227,355
471155598,0,0,0,735,296,426
471155600,0,0,0,387,165,216
471155602,0,0,0,466,184,276
471155620,0,0,0,1732,692,1002
471155624,0,0,0,774,289,471
471155630,0,0,0,380,119,259
471155636,0,0,0,368,161,199
471155640,0,0,0,752,260,476
471155649,0,0,0,130,42,84
471155650,0,0,0,237,96,136
471155652,0,0,0,176,43,133
471155654,0,0,0,232,55,173
471155672,0,0,0,968,348,603
471155674,0,0,0,1110,347,754
471175700,0,0,0,1140,479,630
471175704,0,0,0,1121,403,693
471175708,0,0,0,1560,542,981
471175716,0,0,0,1674,542,1100
471175720,0,0,0,1075,347,704
471175724,0,0,0,1231,450,761
471175732,0,0,0,855,486,357
471175740,0,0,0,1128,512,600
471175752,0,0,0,1505,559,929
471195768,0,0,0,1514,709,783
471195769,0,0,0,1566,570,980
471195770,0,0,0,599,214,379
471195772,0,0,0,1061,327,710
471195780,0,0,0,2049,1687,349
471195792,0,0,0,1256,356,878
471195796,0,0,0,2382,962,1401
471195808,0,0,0,899,239,649
471195812,0,0,0,971,428,529
471195813,0,0,0,1282,397,878
471195824,0,0,0,1510,733,750
471195832,0,0,0,2489,1120,1338
471195840,0,0,0,3652,1379,2231
471195842,0,0,0,1708,399,1290
471195844,0,0,0,585,177,404
471195848,0,0,0,1098,375,710
471195849,0,0,0,1944,616,1301
471195852,0,0,0,591,219,359
471195864,0,0,0,968,289,668
471195868,0,0,0,4308,1412,2843
471195872,0,0,0,1335,450,858
471216060,0,0,0,901,316,569
471216064,0,0,0,527,193,321
471216068,0,0,0,668,218,441
471216072,0,0,0,696,199,486
471216076,0,0,0,661,226,426
471216080,0,0,0,784,220,554
471236088,0,0,0,2584,758,1791
471236092,0,0,0,504,119,379
471236096,0,0,0,2104,527,1548
471236100,0,0,0,728,148,568
471236108,0,0,0,778,223,547
471236112,0,0,0,1406,514,874
471236116,0,0,0,889,258,617
471236124,0,0,0,1862,684,1154
471236128,0,0,0,1196,373,813
471236129,0,0,0,1483,412,1054
471236132,0,0,0,1691,545,1113
471236136,0,0,0,588,165,413
471236140,0,0,0,964,327,613
471256150,0,0,0,4743,2126,2585
471256155,0,0,0,3535,1377,2120
471256160,0,0,0,2600,813,1762
471256162,0,0,0,2191,588,1581
471256165,0,0,0,1634,561,1048
471256166,0,0,0,1060,424,620
471256170,0,0,0,2312,1207,1068
471256175,0,0,0,916,337,564
471256180,0,0,0,1484,564,890
471256185,0,0,0,2287,606,1655
471256190,0,0,0,855,560,286
471256195,0,0,0,1845,944,885
471256200,0,0,0,1634,921,692
471256205,0,0,0,1894,844,1027
471256210,0,0,0,1891,1150,727
471256215,0,0,0,1957,1253,684
471256220,0,0,0,3828,1822,1958
471256225,0,0,0,1994,1033,943
471256228,0,0,0,3991,2305,1666
471256230,0,0,0,1925,1319,571
471256232,0,0,0,2095,1149,923
471256234,0,0,0,3050,1048,1959
471256236,0,0,0,4188,1389,2761
471256238,0,0,0,2609,1376,1200
471276244,0,0,0,606,173,420
471276248,0,0,0,535,224,296
471276252,0,0,0,566,163,390
471276256,0,0,0,600,154,436
471276260,0,0,0,645,167,468
471296268,0,0,0,251,79,168
471296276,0,0,0,948,281,651
471296280,0,0,0,369,103,256
471296282,0,0,0,149,57,89
471296284,0,0,0,241,61,179
471296286,0,0,0,678,186,477
471296296,0,0,0,714,191,504
471296300,0,0,0,380,108,264
471296304,0,0,0,787,147,626
471296308,0,0,0,410,195,208
471296312,0,0,0,704,179,513
471296316,0,0,0,1191,382,782
471316320,0,0,0,860,310,531
471316368,0,0,0,834,250,565
471316370,0,0,0,2423,819,1570
471316382,0,0,0,935,242,672
471316386,0,0,0,1050,303,731
471316388,0,0,0,1576,421,1135
471316390,0,0,0,1149,290,841
471316392,0,0,0,439,137,295
471316394,0,0,0,660,177,472
471316400,0,0,0,854,175,668
471316408,0,0,0,1321,447,858
471316412,0,0,0,1291,737,535
471336428,0,0,0,1714,825,856
471336438,0,0,0,681,303,355
471336440,0,0,0,364,200,162
471336442,0,0,0,441,146,282
471336448,0,0,0,291,129,155
471336450,0,0,0,225,100,121
471336452,0,0,0,667,220,428
471336454,0,0,0,275,93,176
471336458,0,0,0,1489,565,899
471336460,0,0,0,315,111,201
471336462,0,0,0,405,160,236
471336468,0,0,0,724,358,346
471336470,0,0,0,501,209,280
471356496,0,0,0,269,114,150
471356500,0,0,0,220,100,118
471356508,0,0,0,293,131,156
471356512,0,0,0,249,83,161
471356516,0,0,0,348,134,201
471356520,0,0,0,195,95,97
471356528,0,0,0,197,96,97
471356536,0,0,0,306,107,191
471356540,0,0,0,492,253,220
471356544,0,0,0,431,216,205
471376556,0,0,0,102,37,62
471376560,0,0,0,78,32,46
471376564,0,0,0,175,56,116
471376568,0,0,0,441,104,334
471376572,0,0,0,496,156,337
471376576,0,0,0,622,226,384
471376580,0,0,0,193,47,144
471376584,0,0,0,357,116,240
471376588,0,0,0,207,80,123
471396596,0,0,0,659,201,451
471396600,0,0,0,634,194,433
471396604,0,0,0,720,246,456
471396608,0,0,0,1021,349,655
471396612,0,0,0,207,62,133
471396616,0,0,0,154,60,88
471396620,0,0,0,336,124,206
471396624,0,0,0,845,253,576
471396628,0,0,0,544,170,370
471396632,0,0,0,626,221,396
471396640,0,0,0,755,244,503
471416648,0,0,0,1063,383,658
471416652,0,0,0,1261,503,736
471416656,0,0,0,793,175,606
471416660,0,0,0,1186,369,806
471416664,0,0,0,1251,417,794
471416672,0,0,0,1272,482,759
471416676,0,0,0,763,338,408
471416678,0,0,0,1109,388,701
471416680,0,0,0,840,306,520
471416684,0,0,0,1051,328,707
471416688,0,0,0,486,128,349
471416692,0,0,0,282,122,152
471416704,0,0,0,1286,520,746
471416714,0,0,0,815,289,509
471416720,0,0,0,1442,476,956
471416722,0,0,0,1264,456,786
471416724,0,0,0,539,143,393
471416738,0,0,0,1727,628,1078
471416741,0,0,0,1283,403,859
471416752,0,0,0,1093,440,625
471416755,0,0,0,1750,722,989
471416760,0,0,0,1017,318,690
471416772,0,0,0,997,451,534
471416776,0,0,0,1621,392,1195
471416780,0,0,0,1125,562,545
471436800,0,0,0,360,81,271
471436802,0,0,0,748,230,515
471436804,0,0,0,214,59,148
471436810,0,0,0,526,205,313
471436812,0,0,0,683,188,485
471436820,0,0,0,1207,290,899
471436830,0,0,0,741,171,559
471436832,0,0,0,563,132,426
471436840,0,0,0,917,280,618
471436850,0,0,0,829,285,526
471436862,0,0,0,1571,367,1188
471436870,0,0,0,776,166,598
471436874,0,0,0,806,210,590
471436878,0,0,0,688,112,566
471436882,0,0,0,477,131,340
471456860,0,0,0,1096,291,783
471456864,0,0,0,995,279,705
471456868,0,0,0,645,150,484
471456872,0,0,0,888,270,608
471456876,0,0,0,559,135,417
471456884,0,0,0,1033,261,759
471456888,0,0,0,516,178,328
471456892,0,0,0,1433,567,835
471456900,0,0,0,262,61,190
471456904,0,0,0,2421,641,1747
471456908,0,0,0,1817,584,1212
471456912,0,0,0,1292,349,925
471456913,0,0,0,410,91,310
471456916,0,0,0,528,151,356
471456920,0,0,0,368,110,249
471456924,0,0,0,1872,821,1027
471456928,0,0,0,339,100,234
471456932,0,0,0,1308,366,918
471456936,0,0,0,551,115,424
471456944,0,0,0,496,117,369
471456948,0,0,0,747,234,501
471456952,0,0,0,766,306,440
471456956,0,0,0,1706,670,1000
471456960,0,0,0,1228,377,837
471476972,0,0,0,753,230,509
471476976,0,0,0,1195,968,219
471476980,0,0,0,1945,838,1074
471476984,0,0,0,1049,308,724
471476988,0,0,0,2342,1048,1271
471476992,0,0,0,1871,481,1361
471476996,0,0,0,1426,463,944
471477000,0,0,0,891,300,581
471477004,0,0,0,2407,683,1687
471477008,0,0,0,596,184,404
471477012,0,0,0,1221,344,863
471477016,0,0,0,745,222,517
471477020,0,0,0,650,201,443
471477028,0,0,0,588,156,420
471477032,0,0,0,1566,445,1096
471477034,0,0,0,691,165,518
471477035,0,0,0,2498,741,1704
471477040,0,0,0,2309,833,1445
471477044,0,0,0,2871,708,2123
471497052,0,0,0,2811,796,1992
471497053,0,0,0,1292,490,789
471497054,0,0,0,3452,1075,2333
471497056,0,0,0,3496,1961,1487
471497060,0,0,0,2007,707,1272
471497061,0,0,0,1361,505,832
471497062,0,0,0,1057,359,684
471497064,0,0,0,1420,428,979
471497068,0,0,0,2557,906,1606
471497072,0,0,0,1807,1175,584
471497078,0,0,0,4124,1634,2456
471497080,0,0,0,817,395,396
471497084,0,0,0,916,312,590
471497086,0,0,0,1984,1327,623
471497088,0,0,0,4163,1546,2555
471497092,0,0,0,2044,901,1110
471497096,0,0,0,641,203,426
471497100,0,0,0,743,272,451
471497104,0,0,0,1330,326,985
471497106,0,0,0,505,122,373
471497108,0,0,0,1396,722,656
471497110,0,0,0,3349,1179,2130
471497112,0,0,0,3906,1802,2060
471497116,0,0,0,1629,517,1091
471497120,0,0,0,1217,345,854
471497128,0,0,0,2496,901,1561
471497132,0,0,0,5412,2262,3095
471497133,0,0,0,927,486,419
471497136,0,0,0,970,346,611
471497144,0,0,0,4018,2190,1774
471497148,0,0,0,2847,938,1875
471497149,0,0,0,2288,738,1514
471497150,0,0,0,2018,646,1334
471497152,0,0,0,1272,328,919
471497154,0,0,0,3675,2353,1290
471497156,0,0,0,2633,825,1780
471497158,0,0,0,1533,640,882
471497160,0,0,0,3161,1370,1736
471497164,0,0,0,3611,1334,2222
471497168,0,0,0,1526,577,929
471497172,0,0,0,2168,632,1516
471497174,0,0,0,143,76,64
471497176,0,0,0,2817,1144,1627
471497178,0,0,0,2544,921,1601
471497179,0,0,0,1102,376,712
471497180,0,0,0,937,261,664
471497182,0,0,0,163,53,109
471497184,0,0,0,3452,1058,2344
471517192,0,0,0,390,144,238
471517196,0,0,0,829,270,542
471517200,0,0,0,980,222,734
471517204,0,0,0,725,205,509
471517208,0,0,0,890,219,659
471517212,0,0,0,195,48,144
471517216,0,0,0,381,108,268
471517220,0,0,0,459,142,313
471517228,0,0,0,667,149,492
471517232,0,0,0,1267,213,1032
471537240,0,0,0,593,147,435
471537242,0,0,0,287,85,193
471537244,0,0,0,845,251,585
471537250,0,0,0,447,130,309
471537252,0,0,0,455,175,266
471537256,0,0,0,579,203,366
471537260,0,0,0,660,241,404
471537262,0,0,0,351,115,225
471537272,0,0,0,495,199,283
471537280,0,0,0,725,171,544
471557288,0,0,0,1533,380,1143
471557292,0,0,0,1009,287,708
471557296,0,0,0,1108,245,851
471557300,0,0,0,1590,367,1205
471557304,0,0,0,1883,472,1387
471557308,0,0,0,1114,275,824
471557312,0,0,0,3654,884,2729
471557316,0,0,0,2234,642,1572
471557320,0,0,0,1323,349,964
471557324,0,0,0,3585,773,2770
471557328,0,0,0,1297,325,953
471557330,0,0,0,937,254,671
471557332,0,0,0,2435,636,1771
471557336,0,0,0,1193,296,883
471557340,0,0,0,2865,682,2146
471557344,0,0,0,1890,500,1368
471557348,0,0,0,1029,260,757
471557352,0,0,0,311,81,226
471557356,0,0,0,2340,705,1580
471557360,0,0,0,611,191,414
471577384,0,0,0,2687,767,1905
471577386,0,0,0,1915,547,1357
471577392,0,0,0,1827,388,1408
471577396,0,0,0,2521,516,1987
471577400,0,0,0,2996,981,1982
471577404,0,0,0,2735,741,1970
471577408,0,0,0,2650,740,1884
471577409,0,0,0,1916,1398,509
471577410,0,0,0,2126,1551,564
471577416,0,0,0,1873,408,1450
471577417,0,0,0,1498,384,1105
471577419,0,0,0,2171,375,1778
471577420,0,0,0,1909,488,1414
471577421,0,0,0,3050,1177,1860
471577422,0,0,0,1985,667,1304
471577423,0,0,0,3287,1105,2160
471577424,0,0,0,1181,1157,22
471577428,0,0,0,1291,1219,66
471577429,0,0,0,1778,1655,120
471577431,0,0,0,343,289,53
471577432,0,0,0,3569,624,2916
471577433,0,0,0,246,43,201
471577436,0,0,0,2651,1225,1409
471577437,0,0,0,2122,1128,983
471577440,0,0,0,2977,588,2357
471577441,0,0,0,3000,578,2398
471577442,0,0,0,1865,317,1533
471577443,0,0,0,5978,1225,4711
471577444,0,0,0,1327,577,738
471577445,0,0,0,1449,744,688
471577446,0,0,0,2084,866,1204
471577447,0,0,0,2816,1340,1464
471577448,0,0,0,2277,752,1511
471577449,0,0,0,743,310,424
471577450,0,0,0,638,293,336
471577451,0,0,0,2058,851,1192
471577452,0,0,0,2976,1263,1702
471577456,0,0,0,1624,641,971
471577457,0,0,0,2371,1304,1053
471577458,0,0,0,3088,1260,1817
471577459,0,0,0,3149,1259,1871
471577460,0,0,0,1354,311,1038
471577462,0,0,0,2819,1175,1628
471577463,0,0,0,2625,899,1713
471577464,0,0,0,3351,2261,1083
471577465,0,0,0,1650,1113,533
471577468,0,0,0,1622,435,1172
471577472,0,0,0,2546,589,1946
471577476,0,0,0,3195,657,2523
471577477,0,0,0,762,176,582
471577480,0,0,0,1871,481,1379
471577484,0,0,0,2661,683,1957
471577488,0,0,0,3708,872,2806
471577492,0,0,0,2198,552,1626
471577496,0,0,0,2205,661,1529
471577504,0,0,0,1801,443,1341
471577508,0,0,0,1604,364,1227
471577512,0,0,0,1414,1338,74
471577516,0,0,0,904,825,77
471577520,0,0,0,1963,1520,433
471577524,0,0,0,1242,280,950
471577528,0,0,0,3380,704,2659
471577530,0,0,0,1781,437,1330
471577532,0,0,0,1281,331,942
471577536,0,0,0,581,157,419
471577537,0,0,0,1357,700,652
471577538,0,0,0,377,246,125
471577540,0,0,0,2047,1338,692
471577544,0,0,0,2603,1643,940
471577548,0,0,0,2123,1456,653
471577556,0,0,0,1084,1077,4
471577564,0,0,0,702,675,24
471577568,0,0,0,1725,1705,8
471577588,0,0,0,1973,1366,587
471577596,0,0,0,2899,1867,998
471577608,0,0,0,1247,944,281
471577620,0,0,0,2278,1538,714
471577628,0,0,0,1514,1403,101
471577632,0,0,0,2419,2351,56
471577644,0,0,0,516,509,6
471577652,0,0,0,1144,1122,10
471577669,0,0,0,2518,2495,11
471577676,0,0,0,1191,1168,19
471577684,0,0,0,1407,909,480
471577692,0,0,0,1149,974,162
471577696,0,0,0,779,774,2
471577704,0,0,0,1045,852,183
471577708,0,0,0,954,879,66
471577716,0,0,0,1163,1155,6
471577720,0,0,0,891,817,69
471577728,0,0,0,648,471,166
471577732,0,0,0,3018,2986,22
471577736,0,0,0,814,807,4
471577740,0,0,0,2697,2667,16
471577752,0,0,0,1161,770,372
471577756,0,0,0,1279,1151,120
471577760,0,0,0,823,651,161
471577764,0,0,0,739,729,7
471577776,0,0,0,771,679,92
471577784,0,0,0,455,450,3
471577786,0,0,0,952,940,8
471577792,0,0,0,985,973,6
471577800,0,0,0,2644,2577,55
471577804,0,0,0,970,956,7
471577820,0,0,0,1047,1036,8
471577824,0,0,0,1409,619,770
471577828,0,0,0,1424,451,964
471577832,0,0,0,830,274,547
471577836,0,0,0,1036,593,433
471577840,0,0,0,1068,925,135
471577844,0,0,0,1706,972,724
471577848,0,0,0,945,901,33
471577856,0,0,0,1877,1113,741
471577860,0,0,0,618,377,235
471577864,0,0,0,1007,547,438
471577872,0,0,0,3162,3113,28
471577884,0,0,0,1138,1124,11
471577900,0,0,0,1177,1161,12
471577912,0,0,0,816,802,10
471577916,0,0,0,813,786,25
471577920,0,0,0,814,772,40
471577924,0,0,0,2294,1278,995
471577928,0,0,0,736,280,447
471577932,0,0,0,727,254,470
471577936,0,0,0,1667,560,1076
471577944,0,0,0,1016,307,705
471577948,0,0,0,1520,399,1106
471577952,0,0,0,566,160,398
471577958,0,0,0,609,235,371
471577960,0,0,0,2099,545,1541
471577964,0,0,0,2123,1658,444
471577976,0,0,0,2695,2146,532
471577987,0,0,0,2550,2497,47
471578004,0,0,0,721,696,23
471578008,0,0,0,609,595,13
471578012,0,0,0,1240,1227,7
471578016,0,0,0,507,500,3
471578020,0,0,0,1334,1240,85
471578024,0,0,0,1027,1005,17
471578028,0,0,0,1932,1855,73
471578032,0,0,0,739,693,41
471578036,0,0,0,513,504,7
471578038,0,0,0,2528,2476,44
471578044,0,0,0,1023,1012,7
471578048,0,0,0,756,430,318
471578060,0,0,0,1073,406,660
471578064,0,0,0,1724,577,1135
471578072,0,0,0,1447,509,923
471578080,0,0,0,2977,1346,1598
471578092,0,0,0,1035,346,679
471578096,0,0,0,2623,753,1847
471578104,0,0,0,1732,600,1114
471578108,0,0,0,817,276,536
471578112,0,0,0,2436,712,1708
471578116,0,0,0,912,710,192
471578120,0,0,0,565,426,132
471578124,0,0,0,993,855,131
471578128,0,0,0,972,869,98
471578132,0,0,0,1305,1200,96
471578144,0,0,0,1181,1126,52
471578148,0,0,0,2503,2318,173
471578150,0,0,0,0,0,0
471578152,0,0,0,1258,1096,159
471578160,0,0,0,2305,2111,180
471578164,0,0,0,2534,2167,361
471578168,0,0,0,684,624,58
471578180,0,0,0,576,508,66
471578188,0,0,0,2669,2467,183
471578192,0,0,0,1064,1022,38
471578216,0,0,0,2910,2450,451
471578220,0,0,0,2825,2507,309
471578228,0,0,0,434,381,51
471578232,0,0,0,2246,1861,378
471578236,0,0,0,227,89,135
471578248,0,0,0,1770,1681,85
471578252,0,0,0,2196,2166,17
471578260,0,0,0,1212,1191,11
471578268,0,0,0,2297,2273,12
471578280,0,0,0,1819,1792,17
471578284,0,0,0,2702,2668,25
471578312,0,0,0,2264,2225,36
471578316,0,0,0,1926,1895,25
471578320,0,0,0,2420,2382,31
471578324,0,0,0,3115,3022,86
471578328,0,0,0,915,890,23
471578332,0,0,0,2349,2217,126
471578336,0,0,0,1112,1060,48
471578344,0,0,0,1385,1365,20
471578356,0,0,0,1930,1881,41
471578360,0,0,0,2263,2147,110
471578364,0,0,0,3027,2903,114
471578380,0,0,0,1820,1767,48
471578384,0,0,0,2435,2352,80
471578396,0,0,0,3395,1267,2102
471578400,0,0,0,655,197,457
471578404,0,0,0,940,434,502
471578408,0,0,0,1834,516,1312
471578412,0,0,0,1282,332,942
471578416,0,0,0,1679,1177,495
471578420,0,0,0,642,425,213
471578424,0,0,0,2391,1461,920
471578428,0,0,0,1078,1064,6
471578432,0,0,0,806,712,90
471578436,0,0,0,1242,1231,8
471578440,0,0,0,967,854,110
471578444,0,0,0,1055,839,207
471578448,0,0,0,815,757,55
471578460,0,0,0,3214,2595,605
471578464,0,0,0,1454,1009,441
471578472,0,0,0,1963,1288,661
471578480,0,0,0,1382,978,399
471578484,0,0,0,2365,1735,620
471578488,0,0,0,846,500,333
471578492,0,0,0,2085,1132,939
471578496,0,0,0,321,253,65
471578500,0,0,0,2819,2549,256
471578504,0,0,0,1347,1266,72
471578512,0,0,0,2087,757,1321
471578516,0,0,0,3135,1273,1833
471578528,0,0,0,2899,1442,1442
471578529,0,0,0,1965,977,978
471578530,0,0,0,1424,708,708
471578532,0,0,0,2432,2234,194
471578544,0,0,0,1199,1102,96
471578548,0,0,0,3695,3240,448
471578552,0,0,0,1635,1496,136
471578554,0,0,0,2605,2391,207
471578559,0,0,0,1288,1170,116
471578560,0,0,0,1500,1379,118
471578562,0,0,0,2958,2586,364
471578563,0,0,0,2108,1948,155
471578564,0,0,0,2328,808,1508
471578565,0,0,0,3215,2971,236
471578569,0,0,0,37,16,20
471578570,0,0,0,916,779,134
471578574,0,0,0,449,367,80
471598584,0,0,0,901,273,613
471598588,0,0,0,914,324,571
471598592,0,0,0,1133,389,717
471598600,0,0,0,890,375,500
471598604,0,0,0,845,372,449
471598612,0,0,0,1153,432,692
471598636,0,0,0,1109,428,641
471598640,0,0,0,796,399,380
471618648,0,0,0,704,300,395
471618656,0,0,0,682,276,399
471618660,0,0,0,908,429,469
471618664,0,0,0,762,392,359
471618672,0,0,0,593,323,262
471618674,0,0,0,262,104,156
471618676,0,0,0,370,169,193
471618678,0,0,0,468,204,253
471618680,0,0,0,758,273,470
471638696,0,0,0,671,233,430
471638700,0,0,0,2439,737,1669
471638704,0,0,0,760,234,520
471638708,0,0,0,607,130,467
471638712,0,0,0,2325,754,1542
471638720,0,0,0,4611,1294,3272
471638728,0,0,0,1520,392,1106
471638732,0,0,0,4194,918,3220
471638740,0,0,0,1107,274,816
471638744,0,0,0,2711,719,1946
471638752,0,0,0,3014,758,2199
471638764,0,0,0,1807,462,1322
471638768,0,0,0,3709,1006,2659
471638788,0,0,0,4895,1747,3098
471638792,0,0,0,2182,849,1299
471638800,0,0,0,2146,605,1513
471638804,0,0,0,2865,783,2047
471638820,0,0,0,3600,880,2670
471638828,0,0,0,3169,813,2332
471638832,0,0,0,2369,594,1743
471638836,0,0,0,1574,410,1146
471638840,0,0,0,1468,473,971
471638844,0,0,0,756,199,547
471638852,0,0,0,3222,1248,1926
471638864,0,0,0,2086,695,1370
471638868,0,0,0,1194,329,845
471638876,0,0,0,172,61,108
471638884,0,0,0,2176,552,1592
471638888,0,0,0,648,205,433
471658900,0,0,0,2689,682,1988
471658904,0,0,0,1388,449,926
471658906,0,0,0,1064,468,587
471658908,0,0,0,1357,415,922
471658912,0,0,0,1814,758,1018
471658920,0,0,0,1917,646,1242
471658924,0,0,0,1999,899,1051
471658928,0,0,0,2155,782,1337
471658932,0,0,0,1516,347,1150
471658936,0,0,0,1968,475,1470
471658944,0,0,0,2271,751,1492
471658948,0,0,0,2558,847,1679
471658952,0,0,0,994,281,703
471658956,0,0,0,2888,856,2004
471658960,0,0,0,1653,548,1091
471658964,0,0,0,971,305,650
471658968,0,0,0,2362,761,1574
471658969,0,0,0,2424,648,1768
471658972,0,0,0,2892,657,2212
471658976,0,0,0,967,318,632
471658980,0,0,0,1923,569,1329
471658986,0,0,0,2068,420,1637
471658992,0,0,0,3046,1034,1977
471659000,0,0,0,696,204,481
471659012,0,0,0,858,286,561
471659016,0,0,0,1838,688,1134
471659020,0,0,0,2540,953,1552
471659024,0,0,0,1018,330,670
471659028,0,0,0,914,778,131
471659035,0,0,0,1874,587,1271
471659036,0,0,0,1871,660,1195
471659037,0,0,0,2264,821,1422
471659042,0,0,0,2410,502,1888
471659044,0,0,0,2150,726,1376
471659051,0,0,0,2176,595,1559
471659052,0,0,0,1735,441,1270
471679068,0,0,0,3036,756,2260
471679069,0,0,0,1736,411,1311
471679072,0,0,0,2839,687,2127
471679076,0,0,0,2443,488,1933
471679084,0,0,0,2716,1059,1625
471679092,0,0,0,2255,553,1681
471679116,0,0,0,3162,635,2496
471679120,0,0,0,2191,1497,678
471679128,0,0,0,2728,1085,1616
471679132,0,0,0,2210,760,1438
471699144,0,0,0,333,128,199
471699148,0,0,0,284,149,129
471699152,0,0,0,287,108,173
471699156,0,0,0,354,111,221
471699160,0,0,0,425,201,221
471699164,0,0,0,323,160,160
471699168,0,0,0,381,149,218
471699172,0,0,0,268,167,101
471699176,0,0,0,366,201,157
471699180,0,0,0,218,101,109
471719188,0,0,0,1133,389,732
471719192,0,0,0,600,169,423
471719196,0,0,0,345,82,259
471719200,0,0,0,481,129,346
471719204,0,0,0,1187,366,801
471719216,0,0,0,1196,352,828
471719220,0,0,0,501,130,358
471719224,0,0,0,1780,490,1264
471739232,0,0,0,1274,342,910
471739236,0,0,0,1394,399,972
471739240,0,0,0,388,115,269
471739244,0,0,0,375,127,242
471739248,0,0,0,842,276,552
471739252,0,0,0,787,238,537
471739260,0,0,0,79,17,61
471739264,0,0,0,198,57,138
471739268,0,0,0,1062,258,786
471759276,0,0,0,342,153,181
471759280,0,0,0,348,134,208
471759284,0,0,0,231,78,146
471759292,0,0,0,398,125,270
471759296,0,0,0,397,134,248
471759300,0,0,0,404,199,185
471759304,0,0,0,86,26,56
471779312,0,0,0,267,153,109
471779316,0,0,0,565,207,347
471779320,0,0,0,456,185,261
471779324,0,0,0,958,293,648
471779326,0,0,0,679,247,420
471779328,0,0,0,867,343,505
471779332,0,0,0,866,337,512
471779336,0,0,0,1156,454,676
471779340,0,0,0,629,213,402
471779344,0,0,0,296,99,189
471779346,0,0,0,268,102,161
471779348,0,0,0,1117,441,650
471779352,0,0,0,519,211,292
471779356,0,0,0,409,138,260
471779360,0,0,0,972,362,587
471779364,0,0,0,746,377,351
471779368,0,0,0,565,222,330
471779372,0,0,0,838,317,496
471779376,0,0,0,825,260,544
471779380,0,0,0,437,144,284
471779384,0,0,0,965,410,538
471799392,0,0,0,1215,324,872
471799396,0,0,0,749,178,562
471799400,0,0,0,862,221,631
471799404,0,0,0,969,243,707
471799408,0,0,0,1738,515,1199
471799412,0,0,0,607,168,431
471799416,0,0,0,1079,286,781
471799420,0,0,0,777,228,530
471799424,0,0,0,850,260,576
471799432,0,0,0,1947,786,1134
471799436,0,0,0,1611,597,982
471799440,0,0,0,1827,1003,785
471799441,0,0,0,411,112,294
471799444,0,0,0,1475,496,969
471799448,0,0,0,1030,500,511
471799456,0,0,0,1612,928,657
471799460,0,0,0,1926,782,1117
471799464,0,0,0,440,88,342
471799468,0,0,0,1009,309,690
471799484,0,0,0,1053,528,500
471799488,0,0,0,2655,1104,1503
471799492,0,0,0,737,174,555
471799500,0,0,0,1478,539,927
471799504,0,0,0,1237,395,828
471799506,0,0,0,1063,339,707
471799508,0,0,0,1468,419,1035
471799512,0,0,0,1174,344,821
471799513,0,0,0,2162,610,1533
471799514,0,0,0,640,99,526
471799515,0,0,0,1165,273,870
471799516,0,0,0,1833,440,1368
471799517,0,0,0,20,9,11
471799518,0,0,0,985,226,752
471799520,0,0,0,1286,342,919
471799524,0,0,0,1858,402,1444
471799528,0,0,0,1546,533,984
471799532,0,0,0,1700,432,1248
471799536,0,0,0,916,243,661
471799540,0,0,0,1228,305,906
471799544,0,0,0,644,161,473
471819552,0,0,0,908,219,674
471819556,0,0,0,224,95,126
471819560,0,0,0,198,91,105
471819568,0,0,0,252,70,175
471819570,0,0,0,369,124,240
471819572,0,0,0,386,123,253
471819574,0,0,0,540,140,390
471819576,0,0,0,575,122,439
471819580,0,0,0,643,88,548
471819584,0,0,0,354,72,277
471819588,0,0,0,298,55,239
471819592,0,0,0,279,52,224
471819596,0,0,0,294,52,239
471819600,0,0,0,207,52,147
471839608,0,0,0,685,208,460
471839612,0,0,0,734,212,504
471839620,0,0,0,1416,335,1052
471839628,0,0,0,1518,458,1030
471839636,0,0,0,1597,415,1144
471839640,0,0,0,1493,560,918
471839652,0,0,0,1845,628,1203
471839656,0,0,0,1161,588,556
471839664,0,0,0,1735,640,1055
471839668,0,0,0,1506,552,933
471859680,0,0,0,929,414,494
471859682,0,0,0,212,63,147
471859684,0,0,0,799,295,493
471859685,0,0,0,607,220,375
471859688,0,0,0,1534,517,993
471859692,0,0,0,377,126,245
471859696,0,0,0,955,386,552
471859700,0,0,0,1129,349,757
471859704,0,0,0,321,104,206
471859708,0,0,0,1142,377,747
471859712,0,0,0,1642,521,1094
471879720,0,0,0,1051,376,656
471879721,0,0,0,3251,1022,2180
471879722,0,0,0,1707,501,1184
471879723,0,0,0,2945,773,2146
471879724,0,0,0,805,249,534
471879725,0,0,0,2293,613,1656
471879728,0,0,0,1468,487,966
471879732,0,0,0,1793,530,1255
471879736,0,0,0,3929,1118,2768
471879740,0,0,0,1760,453,1287
471879744,0,0,0,3369,999,2335
471879748,0,0,0,3004,767,2213
471879751,0,0,0,1695,538,1146
471879752,0,0,0,2314,641,1658
471879753,0,0,0,2083,603,1461
471879754,0,0,0,1000,256,733
471879755,0,0,0,2425,703,1706
471879756,0,0,0,2447,720,1711
471879757,0,0,0,2727,796,1915
471879758,0,0,0,2901,844,2034
471879759,0,0,0,860,281,569
471879760,0,0,0,932,295,628
471879761,0,0,0,1561,402,1140
471879762,0,0,0,3138,737,2372
471879764,0,0,0,3396,931,2427
471879768,0,0,0,2910,832,2058
471879772,0,0,0,3490,878,2588
471879776,0,0,0,2199,628,1551
471879778,0,0,0,1514,479,1020
471879780,0,0,0,3277,823,2428
471879784,0,0,0,1891,518,1359
471879786,0,0,0,2563,702,1840
471879788,0,0,0,2143,543,1575
471879792,0,0,0,2658,799,1834
471879794,0,0,0,1954,620,1329
471879796,0,0,0,2921,1016,1877
471879797,0,0,0,968,386,574
471879798,0,0,0,2092,971,1088
471879800,0,0,0,2654,1397,1215
471879804,0,0,0,1529,455,1061
471879808,0,0,0,4029,1204,2781
471899816,0,0,0,2029,597,1411
471899820,0,0,0,2541,777,1737
471899824,0,0,0,2466,652,1790
471899828,0,0,0,605,142,455
471899836,0,0,0,2290,635,1626
471899840,0,0,0,2048,464,1563
471899844,0,0,0,1179,331,839
471899848,0,0,0,1600,518,1060
471899856,0,0,0,679,205,457
471899860,0,0,0,463,152,306
471899864,0,0,0,1904,521,1361
471899868,0,0,0,114,44,64
471899870,0,0,0,186,67,107
471899876,0,0,0,392,130,250
471899880,0,0,0,931,321,598
471899884,0,0,0,2277,575,1682
471899888,0,0,0,942,320,608
471899896,0,0,0,1037,295,724
471899900,0,0,0,716,224,481
471899904,0,0,0,638,204,426
471899908,0,0,0,2269,625,1609
471899912,0,0,0,1234,372,849
471899914,0,0,0,1159,329,811
471899916,0,0,0,515,165,342
471899920,0,0,0,954,290,648
471899924,0,0,0,765,250,498
471899928,0,0,0,3411,1099,2281
471899932,0,0,0,2059,636,1388
471899936,0,0,0,2339,637,1668
471899940,0,0,0,1751,660,1068
471899944,0,0,0,1159,797,344
471899948,0,0,0,1128,486,622
471899952,0,0,0,1992,636,1328
471899956,0,0,0,1804,662,1119
471899960,0,0,0,1631,616,993
471899964,0,0,0,1952,452,1482