GEOID10,Tot_2008_pres,Dem_2008_pres,Rep_2008_pres,Tot_2016_pres,Dem_2016_pres,Rep_2016_pres
350011,1734,844,890,0,0,0
350012,731,351,380,0,0,0
350013,810,462,348,0,0,0
350014,584,307,277,0,0,0
350015,570,346,224,0,0,0
350016,1049,590,459,0,0,0
350017,1083,694,389,0,0,0
350018,313,183,130,0,0,0
350019,525,335,190,0,0,0
3500110,702,408,294,0,0,0
3500111,849,610,239,0,0,0
3500112,709,486,223,0,0,0
3500113,664,413,251,0,0,0
3500114,661,431,230,0,0,0
3500115,723,434,289,0,0,0
3500116,461,292,169,0,0,0
3500117,881,564,317,0,0,0
3500118,741,499,242,0,0,0
3500119,1382,689,693,0,0,0
3500120,974,593,381,0,0,0
3500121,1438,817,621,0,0,0
3500122,785,450,335,0,0,0
3500123,985,586,399,0,0,0
3500124,1332,812,520,0,0,0
3500125,1008,551,457,0,0,0
3500126,1053,707,346,0,0,0
3500127,656,443,213,0,0,0
3500128,514,359,155,0,0,0
3500129,649,440,209,0,0,0
3500130,1292,756,536,0,0,0
3500131,519,439,80,0,0,0
3500132,682,519,163,0,0,0
3500133,866,674,192,0,0,0
3500134,421,319,102,0,0,0
3500135,410,303,107,0,0,0
3500136,559,447,112,0,0,0
3500137,875,610,265,0,0,0
3500138,828,629,199,0,0,0
3500139,833,577,256,0,0,0
3500140,598,449,149,0,0,0
3500141,819,584,235,0,0,0
3500142,531,386,145,0,0,0
3500143,980,722,258,0,0,0
3500144,831,630,201,0,0,0
3500145,448,337,111,0,0,0
3500146,714,565,149,0,0,0
3500147,237,186,51,0,0,0
3500148,684,543,141,0,0,0
3500149,733,574,159,0,0,0
3500150,949,686,263,0,0,0
3500151,575,465,110,0,0,0
3500152,1208,841,367,0,0,0
3500153,446,330,116,0,0,0
3500154,2446,1737,709,0,0,0
3500155,1605,1175,430,0,0,0
3500156,1186,849,337,0,0,0
3500157,1958,1173,785,0,0,0
3500158,194,124,70,0,0,0
3500159,1562,1143,419,0,0,0
3500160,1303,955,348,0,0,0
3500161,433,356,77,0,0,0
3500162,353,276,77,0,0,0
3500163,313,252,61,0,0,0
3500164,261,223,38,0,0,0
3500165,521,394,127,0,0,0
3500166,535,397,138,0,0,0
3500167,687,574,113,0,0,0
3500168,1081,576,505,0,0,0
3500170,1122,698,424,0,0,0
3500171,731,551,180,0,0,0
3500172,357,295,62,0,0,0
3500173,875,576,299,0,0,0
3500174,473,333,140,0,0,0
3500175,341,251,90,0,0,0
3500176,467,314,153,0,0,0
3500177,502,326,176,0,0,0
3500178,1040,597,443,0,0,0
3500179,1317,657,660,0,0,0
3500180,1333,720,613,0,0,0
3500181,991,530,461,0,0,0
3500182,1038,529,509,0,0,0
3500183,1324,769,555,0,0,0
3500184,1123,616,507,0,0,0
3500185,1747,819,928,0,0,0
3500186,606,384,222,0,0,0
3500187,1333,781,552,0,0,0
3500188,499,340,159,0,0,0
3500189,1392,758,634,0,0,0
3500190,743,543,200,0,0,0
3500191,773,476,297,0,0,0
3500192,664,393,271,0,0,0
3500193,624,519,105,0,0,0
3500194,199,160,39,0,0,0
3500195,294,256,38,0,0,0
3500196,581,370,211,0,0,0
3500197,877,548,329,0,0,0
3500198,657,479,178,0,0,0
3500199,763,510,253,0,0,0
35001101,550,473,77,0,0,0
35001102,330,287,43,0,0,0
35001103,454,375,79,0,0,0
35001104,154,130,24,0,0,0
35001105,211,190,21,0,0,0
35001106,599,522,77,0,0,0
35001107,485,405,80,0,0,0
35001108,341,162,179,0,0,0
35001109,38,21,17,0,0,0
35001110,703,396,307,0,0,0
35001111,1117,673,444,0,0,0
35001112,1187,619,568,0,0,0
35001113,689,372,317,0,0,0
35001114,1711,804,907,0,0,0
35001115,2087,1058,1029,0,0,0
35001116,2007,1021,986,0,0,0
35001117,1738,862,876,0,0,0
35001118,1011,513,498,0,0,0
35001119,1441,926,515,0,0,0
35001120,1153,733,420,0,0,0
35001121,731,523,208,0,0,0
35001122,306,251,55,0,0,0
35001123,527,462,65,0,0,0
35001124,299,253,46,0,0,0
35001125,443,370,73,0,0,0
35001131,228,195,33,0,0,0
35001132,256,215,41,0,0,0
35001133,328,287,41,0,0,0
35001135,427,370,57,0,0,0
35001150,941,661,280,0,0,0
35001151,629,520,109,0,0,0
35001152,541,409,132,0,0,0
35001153,579,420,159,0,0,0
35001154,991,790,201,0,0,0
35001161,390,309,81,0,0,0
35001162,520,422,98,0,0,0
35001163,338,273,65,0,0,0
35001164,381,301,80,0,0,0
35001165,387,327,60,0,0,0
35001166,314,271,43,0,0,0
35001180,332,216,116,0,0,0
35001181,891,680,211,0,0,0
35001182,437,318,119,0,0,0
35001183,844,602,242,0,0,0
35001184,454,343,111,0,0,0
35001185,883,618,265,0,0,0
35001186,816,636,180,0,0,0
35001187,647,511,136,0,0,0
35001191,387,288,99,0,0,0
35001192,466,366,100,0,0,0
35001193,421,298,123,0,0,0
35001194,483,358,125,0,0,0
35001195,342,257,85,0,0,0
35001196,315,240,75,0,0,0
35001197,387,292,95,0,0,0
35001211,249,189,60,0,0,0
35001212,411,351,60,0,0,0
35001214,424,350,74,0,0,0
35001215,323,275,48,0,0,0
35001216,481,351,130,0,0,0
35001217,119,83,36,0,0,0
35001221,632,533,99,0,0,0
35001223,393,347,46,0,0,0
35001224,268,225,43,0,0,0
35001225,135,113,22,0,0,0
35001226,200,183,17,0,0,0
35001241,388,350,38,0,0,0
35001242,468,408,60,0,0,0
35001243,542,497,45,0,0,0
35001244,610,511,99,0,0,0
35001245,479,416,63,0,0,0
35001246,308,242,66,0,0,0
35001251,390,324,66,0,0,0
35001252,442,351,91,0,0,0
35001253,695,560,135,0,0,0
35001254,625,484,141,0,0,0
35001255,628,530,98,0,0,0
35001256,478,375,103,0,0,0
35001257,5,2,3,0,0,0
35001258,358,156,202,0,0,0
35001271,527,419,108,0,0,0
35001272,418,329,89,0,0,0
35001273,645,471,174,0,0,0
35001274,389,311,78,0,0,0
35001275,883,670,213,0,0,0
35001278,392,236,156,0,0,0
35001281,438,320,118,0,0,0
35001282,633,487,146,0,0,0
35001283,267,192,75,0,0,0
35001284,442,273,169,0,0,0
35001285,366,239,127,0,0,0
35001286,741,572,169,0,0,0
35001287,368,257,111,0,0,0
35001289,1148,536,612,0,0,0
35001290,356,138,218,0,0,0
35001291,548,331,217,0,0,0
35001292,896,482,414,0,0,0
35001293,733,477,256,0,0,0
35001294,663,236,427,0,0,0
35001295,569,257,312,0,0,0
35001296,383,243,140,0,0,0
35001297,823,467,356,0,0,0
35001298,787,490,297,0,0,0
35001299,786,426,360,0,0,0
35001300,406,256,150,0,0,0
35001301,603,299,304,0,0,0
35001302,1495,663,832,0,0,0
35001303,392,245,147,0,0,0
35001304,426,210,216,0,0,0
35001305,595,386,209,0,0,0
35001306,381,212,169,0,0,0
35001307,564,275,289,0,0,0
35001308,449,190,259,0,0,0
35001311,488,367,121,0,0,0
35001312,496,372,124,0,0,0
35001313,283,202,81,0,0,0
35001314,518,287,231,0,0,0
35001315,446,267,179,0,0,0
35001316,624,375,249,0,0,0
35001317,351,199,152,0,0,0
35001318,448,372,76,0,0,0
35001321,387,268,119,0,0,0
35001322,281,193,88,0,0,0
35001323,491,367,124,0,0,0
35001324,1186,673,513,0,0,0
35001326,420,318,102,0,0,0
35001327,574,381,193,0,0,0
35001328,1018,534,484,0,0,0
35001329,440,308,132,0,0,0
35001330,365,259,106,0,0,0
35001331,320,214,106,0,0,0
35001332,587,300,287,0,0,0
35001333,909,370,539,0,0,0
35001341,414,321,93,0,0,0
35001342,286,253,33,0,0,0
35001343,520,417,103,0,0,0
35001344,666,468,198,0,0,0
35001345,954,710,244,0,0,0
35001346,444,319,125,0,0,0
35001347,491,321,170,0,0,0
35001351,351,298,53,0,0,0
35001352,447,372,75,0,0,0
35001353,316,278,38,0,0,0
35001354,445,339,106,0,0,0
35001355,468,415,53,0,0,0
35001356,392,328,64,0,0,0
35001357,296,247,49,0,0,0
35001358,936,718,218,0,0,0
35001371,661,447,214,0,0,0
35001372,317,226,91,0,0,0
35001373,371,243,128,0,0,0
35001374,428,307,121,0,0,0
35001375,857,601,256,0,0,0
35001381,411,345,66,0,0,0
35001382,368,278,90,0,0,0
35001383,467,398,69,0,0,0
35001384,523,404,119,0,0,0
35001385,466,344,122,0,0,0
35001386,354,270,84,0,0,0
35001387,403,305,98,0,0,0
35001400,310,185,125,0,0,0
35001401,483,283,200,0,0,0
35001402,535,296,239,0,0,0
35001403,415,266,149,0,0,0
35001404,603,337,266,0,0,0
35001405,477,329,148,0,0,0
35001406,374,235,139,0,0,0
35001407,747,391,356,0,0,0
35001408,500,221,279,0,0,0
35001409,945,572,373,0,0,0
35001410,577,316,261,0,0,0
35001411,542,344,198,0,0,0
35001412,215,142,73,0,0,0
35001413,652,425,227,0,0,0
35001414,292,161,131,0,0,0
35001415,298,161,137,0,0,0
35001416,391,251,140,0,0,0
35001417,502,322,180,0,0,0
35001418,385,214,171,0,0,0
35001419,916,489,427,0,0,0
35001420,955,569,386,0,0,0
35001421,719,382,337,0,0,0
35001422,1418,751,667,0,0,0
35001423,1469,648,821,0,0,0
35001424,1708,746,962,0,0,0
35001425,2022,914,1108,0,0,0
35001426,899,418,481,0,0,0
35001427,1677,766,911,0,0,0
35001428,641,367,274,0,0,0
35001429,963,454,509,0,0,0
35001430,635,305,330,0,0,0
35001431,483,311,172,0,0,0
35001432,624,429,195,0,0,0
35001433,444,303,141,0,0,0
35001434,319,218,101,0,0,0
35001435,625,366,259,0,0,0
35001436,462,303,159,0,0,0
35001437,329,233,96,0,0,0
35001438,743,534,209,0,0,0
35001439,735,487,248,0,0,0
35001440,307,180,127,0,0,0
35001441,441,288,153,0,0,0
35001442,486,341,145,0,0,0
35001443,359,257,102,0,0,0
35001444,371,266,105,0,0,0
35001445,387,201,186,0,0,0
35001446,439,280,159,0,0,0
35001447,1608,596,1012,0,0,0
35001448,1087,548,539,0,0,0
35001449,819,516,303,0,0,0
35001450,469,188,281,0,0,0
35001451,456,268,188,0,0,0
35001452,459,253,206,0,0,0
35001453,983,632,351,0,0,0
35001454,795,383,412,0,0,0
35001455,1905,1091,814,0,0,0
35001461,394,209,185,0,0,0
35001462,361,236,125,0,0,0
35001463,399,219,180,0,0,0
35001464,320,167,153,0,0,0
35001465,696,441,255,0,0,0
35001466,506,257,249,0,0,0
35001471,453,210,243,0,0,0
35001472,331,151,180,0,0,0
35001473,404,244,160,0,0,0
35001474,319,174,145,0,0,0
35001475,557,359,198,0,0,0
35001476,580,287,293,0,0,0
35001477,672,456,216,0,0,0
35001478,646,423,223,0,0,0
35001480,717,362,355,0,0,0
35001481,334,213,121,0,0,0
35001482,642,259,383,0,0,0
35001483,816,402,414,0,0,0
35001484,527,303,224,0,0,0
35001485,713,371,342,0,0,0
35001486,780,388,392,0,0,0
35001487,616,319,297,0,0,0
35001488,715,355,360,0,0,0
35001489,784,385,399,0,0,0
35001490,598,232,366,0,0,0
35001491,452,224,228,0,0,0
35001492,359,198,161,0,0,0
35001493,502,249,253,0,0,0
35001494,442,233,209,0,0,0
35001495,659,366,293,0,0,0
35001496,423,191,232,0,0,0
35001497,535,261,274,0,0,0
35001498,729,458,271,0,0,0
35001499,518,279,239,0,0,0
35001500,733,328,405,0,0,0
35001502,669,379,290,0,0,0
35001503,401,223,178,0,0,0
35001504,360,229,131,0,0,0
35001505,417,224,193,0,0,0
35001506,445,255,190,0,0,0
35001507,416,209,207,0,0,0
35001508,376,207,169,0,0,0
35001509,291,167,124,0,0,0
35001510,743,387,356,0,0,0
35001511,586,262,324,0,0,0
35001512,702,321,381,0,0,0
35001513,851,426,425,0,0,0
35001514,721,377,344,0,0,0
35001515,487,194,293,0,0,0
35001516,898,483,415,0,0,0
35001517,509,230,279,0,0,0
35001518,740,349,391,0,0,0
35001519,324,171,153,0,0,0
35001520,875,388,487,0,0,0
35001521,686,345,341,0,0,0
35001522,985,463,522,0,0,0
35001523,559,275,284,0,0,0
35001524,357,151,206,0,0,0
35001525,655,352,303,0,0,0
35001526,754,315,439,0,0,0
35001527,303,101,202,0,0,0
35001528,312,142,170,0,0,0
35001529,1026,574,452,0,0,0
35001530,766,402,364,0,0,0
35001531,506,314,192,0,0,0
35001532,542,292,250,0,0,0
35001533,441,259,182,0,0,0
35001534,615,337,278,0,0,0
35001535,447,276,171,0,0,0
35001536,339,189,150,0,0,0
35001537,836,436,400,0,0,0
35001538,751,409,342,0,0,0
35001539,971,524,447,0,0,0
35001540,750,379,371,0,0,0
35001541,1473,526,947,0,0,0
35001542,524,324,200,0,0,0
35001543,393,252,141,0,0,0
35001544,662,371,291,0,0,0
35001545,553,300,253,0,0,0
35001546,651,280,371,0,0,0
35001547,573,320,253,0,0,0
35001548,867,424,443,0,0,0
35001549,706,380,326,0,0,0
35001550,590,327,263,0,0,0
35001551,173,117,56,0,0,0
35001552,833,442,391,0,0,0
35001553,1639,696,943,0,0,0
35001554,459,250,209,0,0,0
35001555,477,242,235,0,0,0
35001556,499,227,272,0,0,0
35001557,1795,733,1062,0,0,0
35001558,714,355,359,0,0,0
35001559,1081,575,506,0,0,0
35001560,1067,437,630,0,0,0
35001561,833,426,407,0,0,0
35001562,1044,608,436,0,0,0
35001563,855,361,494,0,0,0
35001564,434,191,243,0,0,0
35001565,561,270,291,0,0,0
35001566,972,434,538,0,0,0
35001567,100,43,57,0,0,0
35001568,1037,351,686,0,0,0
35001569,1294,623,671,0,0,0
35001570,533,299,234,0,0,0
35001571,929,488,441,0,0,0
35001572,354,172,182,0,0,0
35001573,848,386,462,0,0,0
35001601,731,356,375,0,0,0
35001602,1496,575,921,0,0,0
35001603,2314,1110,1204,0,0,0
350031,427,156,271,0,0,0
350032,409,113,296,0,0,0
350033,326,134,192,0,0,0
350034,237,75,162,0,0,0
350035,538,159,379,0,0,0
350036,125,27,98,0,0,0
350051,404,100,304,0,0,0
350052,418,128,290,0,0,0
350053,506,139,367,0,0,0
350054,434,141,293,0,0,0
350055,1022,240,782,0,0,0
350056,512,187,325,0,0,0
350057,614,159,455,0,0,0
350059,695,180,515,0,0,0
3500510,528,89,439,0,0,0
3500511,832,195,637,0,0,0
3500512,326,65,261,0,0,0
3500513,409,196,213,0,0,0
3500514,307,114,193,0,0,0
3500515,309,122,187,0,0,0
3500516,474,222,252,0,0,0
3500521,965,252,713,0,0,0
3500522,396,138,258,0,0,0
3500523,346,134,212,0,0,0
3500524,218,112,106,0,0,0
3500525,259,120,139,0,0,0
3500531,479,209,270,0,0,0
3500532,216,135,81,0,0,0
3500533,321,150,171,0,0,0
3500534,240,116,124,0,0,0
3500535,352,134,218,0,0,0
3500536,512,157,355,0,0,0
3500541,747,185,562,0,0,0
3500542,268,157,111,0,0,0
3500543,330,185,145,0,0,0
3500544,19,5,14,0,0,0
3500545,20,5,15,0,0,0
3500546,93,23,70,0,0,0
3500547,12,3,9,0,0,0
3500551,239,149,90,0,0,0
3500552,308,152,156,0,0,0
3500561,237,185,52,0,0,0
3500562,272,194,78,0,0,0
3500563,652,461,191,0,0,0
3500571,239,94,145,0,0,0
3500572,708,278,430,0,0,0
3500573,288,113,175,0,0,0
3500581,234,99,135,0,0,0
3500582,343,134,209,0,0,0
3500583,292,111,181,0,0,0
3500584,428,196,232,0,0,0
3500585,322,112,210,0,0,0
3500590,414,205,209,0,0,0
3500591,554,234,320,0,0,0
3500592,103,47,56,0,0,0
3500593,654,255,399,0,0,0
3500594,276,126,150,0,0,0
35005101,805,260,545,0,0,0
35005102,606,233,373,0,0,0
35005103,211,61,150,0,0,0
35005104,82,2,80,0,0,0
350061,93,25,68,0,0,0
350062,213,165,48,0,0,0
350063,99,66,33,0,0,0
350064,307,83,224,0,0,0
350065,1015,781,234,0,0,0
350066,111,60,51,0,0,0
350067,454,268,186,0,0,0
350068,490,320,170,0,0,0
350069,786,470,316,0,0,0
3500610,359,203,156,0,0,0
3500611,476,288,188,0,0,0
3500612,499,264,235,0,0,0
3500613,269,181,88,0,0,0
3500614,457,188,269,0,0,0
3500615,808,460,348,0,0,0
3500616,297,148,149,0,0,0
3500617,641,586,55,0,0,0
3500618,190,142,48,0,0,0
3500619,181,83,98,0,0,0
3500620,384,318,66,0,0,0
3500621,209,181,28,0,0,0
3500622,203,183,20,0,0,0
3500623,62,58,4,0,0,0
3500624,216,192,24,0,0,0
3500625,139,114,25,0,0,0
350071,1219,580,639,0,0,0
350072,310,182,128,0,0,0
350073,253,137,116,0,0,0
350074,300,165,135,0,0,0
350075,491,257,234,0,0,0
350077,234,123,111,0,0,0
3500710,106,34,72,0,0,0
3500711,142,88,54,0,0,0
3500712,197,127,70,0,0,0
3500713,112,58,54,0,0,0
3500714,199,115,84,0,0,0
3500715,336,150,186,0,0,0
3500716,629,381,248,0,0,0
3500717,289,199,90,0,0,0
3500718,103,75,28,0,0,0
3500719,132,113,19,0,0,0
3500720,319,244,75,0,0,0
3500721,461,280,181,0,0,0
3500722,463,182,281,0,0,0
350091,110,20,90,0,0,0
350092,147,16,131,0,0,0
350093,113,18,95,0,0,0
350094,422,64,358,0,0,0
350095,249,72,177,0,0,0
350096,207,181,26,0,0,0
350097,385,290,95,0,0,0
350098,464,284,180,0,0,0
350099,480,245,235,0,0,0
3500910,258,42,216,0,0,0
3500911,834,281,553,0,0,0
3500912,571,224,347,0,0,0
3500913,419,102,317,0,0,0
3500914,479,123,356,0,0,0
3500915,458,151,307,0,0,0
3500916,40,6,34,0,0,0
3500917,732,177,555,0,0,0
3500918,1139,275,864,0,0,0
3500919,958,208,750,0,0,0
3500920,418,181,237,0,0,0
3500921,475,184,291,0,0,0
3500922,193,95,98,0,0,0
3500923,451,97,354,0,0,0
3500924,763,230,533,0,0,0
3500925,210,163,47,0,0,0
3500926,173,92,81,0,0,0
3500927,106,52,54,0,0,0
3500928,168,88,80,0,0,0
3500929,197,86,111,0,0,0
3500930,286,65,221,0,0,0
3500931,253,93,160,0,0,0
3500932,312,70,242,0,0,0
3500933,442,119,323,0,0,0
3500934,100,10,90,0,0,0
3500935,418,77,341,0,0,0
3500936,175,24,151,0,0,0
3500937,664,165,499,0,0,0
350111,47,4,43,0,0,0
350112,271,49,222,0,0,0
350113,170,77,93,0,0,0
350114,76,56,20,0,0,0
350131,295,148,147,0,0,0
350132,294,138,156,0,0,0
350133,231,133,98,0,0,0
350134,575,428,147,0,0,0
350135,933,541,392,0,0,0
350136,339,137,202,0,0,0
350137,518,257,261,0,0,0
350138,566,457,109,0,0,0
350139,208,172,36,0,0,0
3501310,441,331,110,0,0,0
3501311,545,455,90,0,0,0
3501312,955,736,219,0,0,0
3501313,1331,1217,114,0,0,0
3501314,1112,532,580,0,0,0
3501315,1020,655,365,0,0,0
3501316,474,351,123,0,0,0
3501317,586,370,216,0,0,0
3501318,728,491,237,0,0,0
3501319,869,419,450,0,0,0
3501320,660,371,289,0,0,0
3501321,745,287,458,0,0,0
3501322,812,426,386,0,0,0
3501323,464,324,140,0,0,0
3501324,508,318,190,0,0,0
3501325,369,214,155,0,0,0
3501326,920,456,464,0,0,0
3501327,441,313,128,0,0,0
3501328,570,436,134,0,0,0
3501329,255,202,53,0,0,0
3501330,428,289,139,0,0,0
3501331,440,276,164,0,0,0
3501332,199,153,46,0,0,0
3501333,508,298,210,0,0,0
3501334,770,515,255,0,0,0
3501335,264,213,51,0,0,0
3501336,201,143,58,0,0,0
3501337,399,283,116,0,0,0
3501338,600,431,169,0,0,0
3501339,417,280,137,0,0,0
3501340,633,379,254,0,0,0
3501341,228,176,52,0,0,0
3501342,239,175,64,0,0,0
3501343,325,226,99,0,0,0
3501344,404,272,132,0,0,0
3501345,434,295,139,0,0,0
3501346,353,241,112,0,0,0
3501347,446,310,136,0,0,0
3501348,563,402,161,0,0,0
3501349,375,235,140,0,0,0
3501350,253,183,70,0,0,0
3501351,442,266,176,0,0,0
3501352,774,478,296,0,0,0
3501353,542,379,163,0,0,0
3501354,664,425,239,0,0,0
3501355,708,415,293,0,0,0
3501356,891,513,378,0,0,0
3501357,506,287,219,0,0,0
3501358,598,382,216,0,0,0
3501359,1470,704,766,0,0,0
3501360,149,84,65,0,0,0
3501361,834,504,330,0,0,0
3501362,831,432,399,0,0,0
3501363,748,355,393,0,0,0
3501364,248,127,121,0,0,0
3501365,1506,899,607,0,0,0
3501366,984,543,441,0,0,0
3501367,1251,696,555,0,0,0
3501368,395,232,163,0,0,0
3501369,517,310,207,0,0,0
3501370,358,222,136,0,0,0
3501371,559,281,278,0,0,0
3501372,316,158,158,0,0,0
3501373,947,504,443,0,0,0
3501374,372,170,202,0,0,0
3501375,669,338,331,0,0,0
3501376,255,139,116,0,0,0
3501377,421,233,188,0,0,0
3501378,1094,658,436,0,0,0
3501379,495,335,160,0,0,0
3501380,498,431,67,0,0,0
3501381,160,79,81,0,0,0
3501382,445,332,113,0,0,0
3501383,1172,629,543,0,0,0
3501384,571,276,295,0,0,0
3501385,563,280,283,0,0,0
3501386,1142,567,575,0,0,0
3501387,907,374,533,0,0,0
3501388,227,139,88,0,0,0
3501389,553,284,269,0,0,0
3501390,476,279,197,0,0,0
3501391,441,251,190,0,0,0
3501392,163,131,32,0,0,0
3501393,164,111,53,0,0,0
3501394,344,249,95,0,0,0
3501395,134,68,66,0,0,0
3501396,621,313,308,0,0,0
3501397,830,732,98,0,0,0
3501398,452,209,243,0,0,0
3501399,867,446,421,0,0,0
35013100,555,249,306,0,0,0
35013101,723,437,286,0,0,0
35013102,1558,754,804,0,0,0
35013103,604,341,263,0,0,0
35013104,420,235,185,0,0,0
35013105,1086,589,497,0,0,0
35013106,1133,581,552,0,0,0
35013107,619,280,339,0,0,0
35013108,754,383,371,0,0,0
35013109,975,517,458,0,0,0
35013110,795,397,398,0,0,0
35013111,78,40,38,0,0,0
35013112,723,326,397,0,0,0
35013113,622,287,335,0,0,0
35013114,740,345,395,0,0,0
35013115,353,118,235,0,0,0
350151,542,130,412,0,0,0
350152,735,472,263,0,0,0
350153,296,102,194,0,0,0
350154,918,175,743,0,0,0
350155,867,142,725,0,0,0
350156,683,164,519,0,0,0
350157,931,199,732,0,0,0
350158,471,64,407,0,0,0
350159,474,247,227,0,0,0
3501510,461,359,102,0,0,0
3501511,258,195,63,0,0,0
3501512,120,82,38,0,0,0
3501513,504,329,175,0,0,0
3501514,265,169,96,0,0,0
3501515,382,226,156,0,0,0
3501516,590,258,332,0,0,0
3501517,646,226,420,0,0,0
3501518,566,225,341,0,0,0
3501519,536,179,357,0,0,0
3501520,430,181,249,0,0,0
3501521,321,149,172,0,0,0
3501523,466,237,229,0,0,0
3501525,300,111,189,0,0,0
3501526,490,184,306,0,0,0
3501527,884,303,581,0,0,0
3501528,677,198,479,0,0,0
3501529,49,9,40,0,0,0
3501530,58,14,44,0,0,0
3501532,755,441,314,0,0,0
3501533,761,292,469,0,0,0
3501534,897,328,569,0,0,0
3501535,492,170,322,0,0,0
3501536,553,126,427,0,0,0
3501537,378,97,281,0,0,0
3501538,101,27,74,0,0,0
3501539,256,56,200,0,0,0
3501540,103,7,96,0,0,0
3501541,368,64,304,0,0,0
3501542,54,5,49,0,0,0
3501544,695,267,428,0,0,0
3501545,518,142,376,0,0,0
350171,319,96,223,0,0,0
350172,385,174,211,0,0,0
350173,32,17,15,0,0,0
350174,77,35,42,0,0,0
350175,611,276,335,0,0,0
350176,75,29,46,0,0,0
350177,296,179,117,0,0,0
350178,778,389,389,0,0,0
350179,165,111,54,0,0,0
3501710,158,88,70,0,0,0
3501711,886,367,519,0,0,0
3501712,1179,652,527,0,0,0
3501713,904,492,412,0,0,0
3501714,614,353,261,0,0,0
3501715,725,463,262,0,0,0
3501716,591,370,221,0,0,0
3501717,254,117,137,0,0,0
3501718,428,306,122,0,0,0
3501719,339,274,65,0,0,0
3501720,559,407,152,0,0,0
3501721,122,112,10,0,0,0
3501722,577,419,158,0,0,0
3501723,194,94,100,0,0,0
3501724,238,193,45,0,0,0
3501725,341,284,57,0,0,0
3501726,306,255,51,0,0,0
3501727,299,244,55,0,0,0
3501728,432,346,86,0,0,0
3501729,324,184,140,0,0,0
3501730,336,141,195,0,0,0
3501731,38,10,28,0,0,0
3501732,173,150,23,0,0,0
3501733,305,157,148,0,0,0
3501734,410,331,79,0,0,0
3501735,60,14,46,0,0,0
350191,600,418,182,0,0,0
350192,536,371,165,0,0,0
350193,429,294,135,0,0,0
350194,222,150,72,0,0,0
350195,390,324,66,0,0,0
350211,245,75,170,0,0,0
350212,373,185,188,0,0,0
350231,431,222,209,0,0,0
350232,304,235,69,0,0,0
350233,507,359,148,0,0,0
350234,184,33,151,0,0,0
350235,125,60,65,0,0,0
350236,378,84,294,0,0,0
350252,20,0,20,0,0,0
350253,507,119,388,0,0,0
3502510,586,125,461,0,0,0
3502511,201,97,104,0,0,0
3502512,232,82,150,0,0,0
3502513,663,181,482,0,0,0
3502514,427,146,281,0,0,0
3502515,877,149,728,0,0,0
3502516,229,106,123,0,0,0
3502517,265,84,181,0,0,0
3502518,228,40,188,0,0,0
3502520,937,130,807,0,0,0
3502521,209,30,179,0,0,0
3502522,825,134,691,0,0,0
3502523,758,134,624,0,0,0
3502524,520,96,424,0,0,0
3502525,442,86,356,0,0,0
3502526,678,116,562,0,0,0
3502527,508,75,433,0,0,0
3502528,349,87,262,0,0,0
3502529,494,120,374,0,0,0
3502530,342,96,246,0,0,0
3502531,489,213,276,0,0,0
3502532,474,99,375,0,0,0
3502533,389,96,293,0,0,0
3502534,186,79,107,0,0,0
3502535,202,101,101,0,0,0
3502536,394,141,253,0,0,0
3502541,697,188,509,0,0,0
3502542,467,128,339,0,0,0
3502543,444,133,311,0,0,0
3502544,394,125,269,0,0,0
3502551,314,134,180,0,0,0
3502552,574,336,238,0,0,0
3502553,434,283,151,0,0,0
3502554,220,126,94,0,0,0
3502555,179,103,76,0,0,0
3502561,383,197,186,0,0,0
3502562,235,40,195,0,0,0
3502571,403,92,311,0,0,0
3502572,545,107,438,0,0,0
3502573,446,100,346,0,0,0
3502574,288,54,234,0,0,0
350271,228,57,171,0,0,0
350272,252,91,161,0,0,0
350273,677,224,453,0,0,0
350274,335,109,226,0,0,0
350275,735,280,455,0,0,0
350276,602,229,373,0,0,0
350277,893,340,553,0,0,0
350278,692,263,429,0,0,0
350279,833,317,516,0,0,0
3502710,388,148,240,0,0,0
3502711,1218,463,755,0,0,0
3502712,348,115,233,0,0,0
3502713,465,249,216,0,0,0
3502714,455,150,305,0,0,0
3502715,261,86,175,0,0,0
3502716,108,36,72,0,0,0
3502717,240,87,153,0,0,0
3502718,18,6,12,0,0,0
3502719,113,41,72,0,0,0
3502720,191,62,129,0,0,0
3502721,481,183,298,0,0,0
350281,559,294,256,0,0,0
350282,348,183,159,0,0,0
350283,511,269,234,0,0,0
350284,657,346,300,0,0,0
350285,424,223,194,0,0,0
350286,992,522,454,0,0,0
350287,781,411,357,0,0,0
350288,650,342,297,0,0,0
350289,525,276,240,0,0,0
3502810,336,177,154,0,0,0
3502811,680,358,311,0,0,0
3502812,593,312,271,0,0,0
3502813,660,347,302,0,0,0
3502814,597,314,273,0,0,0
3502815,1423,748,653,0,0,0
3502816,921,485,421,0,0,0
3502817,412,217,188,0,0,0
350291,226,131,95,0,0,0
350292,507,220,287,0,0,0
350293,666,282,384,0,0,0
350294,436,310,126,0,0,0
350295,937,515,422,0,0,0
350296,631,346,285,0,0,0
350298,619,452,167,0,0,0
3502910,928,429,499,0,0,0
3502911,592,408,184,0,0,0
3502912,500,314,186,0,0,0
3502913,1087,459,628,0,0,0
3502914,1052,445,607,0,0,0
350311,397,312,85,0,0,0
350312,161,120,41,0,0,0
350313,167,98,69,0,0,0
350314,376,325,51,0,0,0
350315,702,554,148,0,0,0
350316,748,606,142,0,0,0
350317,467,387,80,0,0,0
350318,225,183,42,0,0,0
350319,714,564,150,0,0,0
3503110,626,515,111,0,0,0
3503111,224,169,55,0,0,0
3503112,300,222,78,0,0,0
3503113,291,231,60,0,0,0
3503114,556,400,156,0,0,0
3503115,656,542,114,0,0,0
3503116,288,230,58,0,0,0
3503117,656,403,253,0,0,0
3503118,179,135,44,0,0,0
3503119,566,461,105,0,0,0
3503120,526,450,76,0,0,0
3503121,487,351,136,0,0,0
3503122,399,286,113,0,0,0
3503123,309,229,80,0,0,0
3503124,479,360,119,0,0,0
3503125,847,615,232,0,0,0
3503126,336,115,221,0,0,0
3503127,603,547,56,0,0,0
3503128,326,291,35,0,0,0
3503129,440,407,33,0,0,0
3503130,604,534,70,0,0,0
3503131,354,203,151,0,0,0
3503132,258,142,116,0,0,0
3503133,505,379,126,0,0,0
3503134,222,177,45,0,0,0
3503135,279,211,68,0,0,0
3503136,117,88,29,0,0,0
3503137,142,89,53,0,0,0
3503138,203,163,40,0,0,0
3503139,373,250,123,0,0,0
3503140,235,163,72,0,0,0
3503141,385,274,111,0,0,0
3503142,190,93,97,0,0,0
3503143,601,342,259,0,0,0
3503144,311,125,186,0,0,0
3503145,367,160,207,0,0,0
3503146,489,274,215,0,0,0
3503147,184,140,44,0,0,0
3503148,648,436,212,0,0,0
3503149,709,385,324,0,0,0
3503150,118,72,46,0,0,0
3503152,223,104,119,0,0,0
3503153,334,290,44,0,0,0
3503154,359,285,74,0,0,0
3503155,251,182,69,0,0,0
3503156,443,224,219,0,0,0
3503157,307,240,67,0,0,0
3503158,447,291,156,0,0,0
3503159,225,135,90,0,0,0
350331,556,444,112,0,0,0
350332,470,377,93,0,0,0
350333,242,175,67,0,0,0
350334,265,223,42,0,0,0
350335,206,172,34,0,0,0
350336,120,96,24,0,0,0
350337,149,119,30,0,0,0
350338,234,179,55,0,0,0
350339,96,61,35,0,0,0
3503310,176,151,25,0,0,0
3503311,223,171,52,0,0,0
350351,534,355,179,0,0,0
350352,25,3,22,0,0,0
350353,29,0,29,0,0,0
350354,72,9,63,0,0,0
350355,197,54,143,0,0,0
350356,114,22,92,0,0,0
350357,208,44,164,0,0,0
350358,1191,369,822,0,0,0
350359,568,196,372,0,0,0
3503510,1302,465,837,0,0,0
3503511,507,407,100,0,0,0
3503512,705,269,436,0,0,0
3503513,563,288,275,0,0,0
3503514,872,301,571,0,0,0
3503515,693,216,477,0,0,0
3503516,235,107,128,0,0,0
3503517,792,362,430,0,0,0
3503518,1827,651,1176,0,0,0
3503519,310,235,75,0,0,0
3503520,270,172,98,0,0,0
3503521,910,359,551,0,0,0
3503522,308,144,164,0,0,0
3503523,399,204,195,0,0,0
3503524,869,317,552,0,0,0
3503525,588,185,403,0,0,0
3503526,422,208,214,0,0,0
3503527,545,206,339,0,0,0
3503528,908,331,577,0,0,0
3503529,841,315,526,0,0,0
3503530,362,157,205,0,0,0
3503531,303,124,179,0,0,0
3503532,378,195,183,0,0,0
3503533,433,190,243,0,0,0
3503534,320,137,183,0,0,0
3503535,764,232,532,0,0,0
3503536,494,225,269,0,0,0
3503537,388,146,242,0,0,0
3503538,112,48,64,0,0,0
3503539,590,218,372,0,0,0
3503540,468,144,324,0,0,0
350371,115,12,103,0,0,0
350372,85,12,73,0,0,0
350373,250,70,180,0,0,0
350374,83,13,70,0,0,0
350375,569,135,434,0,0,0
350376,368,95,273,0,0,0
350377,413,296,117,0,0,0
350378,234,84,150,0,0,0
350379,579,278,301,0,0,0
3503710,255,180,75,0,0,0
3503711,569,236,333,0,0,0
3503712,394,136,258,0,0,0
350391,398,330,68,0,0,0
350392,1030,805,225,0,0,0
350393,510,383,127,0,0,0
350394,696,513,183,0,0,0
350395,374,270,104,0,0,0
350396,239,209,30,0,0,0
350397,570,468,102,0,0,0
350398,283,209,74,0,0,0
350399,382,276,106,0,0,0
3503910,590,462,128,0,0,0
3503911,1039,727,312,0,0,0
3503912,359,276,83,0,0,0
3503913,729,571,158,0,0,0
3503914,396,318,78,0,0,0
3503915,236,188,48,0,0,0
3503916,306,260,46,0,0,0
3503917,147,139,8,0,0,0
3503918,300,210,90,0,0,0
3503919,275,158,117,0,0,0
3503920,750,442,308,0,0,0
3503921,71,58,13,0,0,0
3503922,90,68,22,0,0,0
3503923,165,142,23,0,0,0
3503924,744,606,138,0,0,0
3503925,170,28,142,0,0,0
3503926,244,164,80,0,0,0
3503927,83,54,29,0,0,0
3503928,39,38,1,0,0,0
3503929,37,14,23,0,0,0
3503930,197,83,114,0,0,0
3503931,567,511,56,0,0,0
3503932,273,202,71,0,0,0
3503933,85,76,9,0,0,0
3503934,8,8,0,0,0,0
3503935,597,439,158,0,0,0
3503936,1012,742,270,0,0,0
3503937,168,126,42,0,0,0
3503938,612,497,115,0,0,0
3503939,584,451,133,0,0,0
3503940,653,486,167,0,0,0
3503941,639,574,65,0,0,0
3503942,142,122,20,0,0,0
350411,334,149,185,0,0,0
350412,806,237,569,0,0,0
350413,54,23,31,0,0,0
350414,215,33,182,0,0,0
350415,230,24,206,0,0,0
350416,207,33,174,0,0,0
350417,170,93,77,0,0,0
350418,451,322,129,0,0,0
350419,434,138,296,0,0,0
3504110,702,249,453,0,0,0
3504111,237,59,178,0,0,0
3504112,92,40,52,0,0,0
3504113,490,254,236,0,0,0
3504115,683,250,433,0,0,0
3504117,362,82,280,0,0,0
3504118,395,70,325,0,0,0
3504119,232,66,166,0,0,0
3504121,520,181,339,0,0,0
350431,1090,762,328,0,0,0
350432,907,704,203,0,0,0
350433,579,414,165,0,0,0
350434,384,257,127,0,0,0
350435,1210,771,439,0,0,0
350436,353,250,103,0,0,0
350437,291,220,71,0,0,0
350438,337,317,20,0,0,0
350439,660,630,30,0,0,0
3504310,322,260,62,0,0,0
3504311,1144,701,443,0,0,0
3504312,1132,607,525,0,0,0
3504313,922,569,353,0,0,0
3504314,301,280,21,0,0,0
3504315,909,870,39,0,0,0
3504316,157,95,62,0,0,0
3504317,212,142,70,0,0,0
3504318,399,201,198,0,0,0
3504319,247,219,28,0,0,0
3504320,613,583,30,0,0,0
3504321,292,170,122,0,0,0
3504322,299,165,134,0,0,0
3504323,217,121,96,0,0,0
3504324,339,282,57,0,0,0
3504325,806,727,79,0,0,0
3504326,253,209,44,0,0,0
3504327,123,67,56,0,0,0
3504328,423,220,203,0,0,0
3504329,239,215,24,0,0,0
3504330,1312,630,682,0,0,0
3504331,1046,498,548,0,0,0
3504332,464,216,248,0,0,0
3504333,1276,698,578,0,0,0
3504334,612,289,323,0,0,0
3504335,768,401,367,0,0,0
3504336,1019,518,501,0,0,0
3504337,658,335,323,0,0,0
3504338,921,483,438,0,0,0
3504339,1400,669,731,0,0,0
3504340,826,437,389,0,0,0
3504341,1048,508,540,0,0,0
3504342,607,334,273,0,0,0
3504343,670,338,332,0,0,0
3504344,1049,478,571,0,0,0
3504345,893,476,417,0,0,0
3504346,655,369,286,0,0,0
3504347,929,470,459,0,0,0
3504348,741,355,386,0,0,0
3504349,711,339,372,0,0,0
3504350,1526,760,766,0,0,0
3504351,0,0,0,0,0,0
3504352,303,164,139,0,0,0
3504353,973,558,415,0,0,0
3504354,833,494,339,0,0,0
3504355,1779,978,801,0,0,0
3504356,310,204,106,0,0,0
3504357,527,283,244,0,0,0
3504358,1287,549,738,0,0,0
3504359,312,135,177,0,0,0
3504360,565,287,278,0,0,0
3504361,805,394,411,0,0,0
3504362,1676,724,952,0,0,0
3504363,365,175,190,0,0,0
3504364,1114,501,613,0,0,0
3504365,1024,583,441,0,0,0
3504366,1475,721,754,0,0,0
3504367,1217,698,519,0,0,0
3504368,1568,853,715,0,0,0
3504369,1080,555,525,0,0,0
3504370,544,309,235,0,0,0
3504371,522,304,218,0,0,0
3504372,1551,757,794,0,0,0
3504373,413,175,238,0,0,0
3504374,816,386,430,0,0,0
3504375,352,170,182,0,0,0
3504377,180,93,87,0,0,0
3504378,227,114,113,0,0,0
3504379,193,97,96,0,0,0
3504380,734,371,363,0,0,0
3504381,774,370,404,0,0,0
350451,607,434,173,0,0,0
350452,707,505,202,0,0,0
350453,480,321,159,0,0,0
350454,940,408,532,0,0,0
350455,1337,945,392,0,0,0
350456,242,156,86,0,0,0
350457,265,218,47,0,0,0
350458,813,626,187,0,0,0
350459,257,201,56,0,0,0
3504510,355,265,90,0,0,0
3504511,402,292,110,0,0,0
3504512,259,213,46,0,0,0
3504513,495,408,87,0,0,0
3504514,189,135,54,0,0,0
3504515,424,322,102,0,0,0
3504516,595,407,188,0,0,0
3504517,137,89,48,0,0,0
3504518,583,390,193,0,0,0
3504519,325,118,207,0,0,0
3504520,773,487,286,0,0,0
3504521,578,251,327,0,0,0
3504522,674,262,412,0,0,0
3504523,587,177,410,0,0,0
3504524,417,87,330,0,0,0
3504525,443,119,324,0,0,0
3504526,299,116,183,0,0,0
3504527,736,286,450,0,0,0
3504528,457,123,334,0,0,0
3504529,388,139,249,0,0,0
3504530,561,218,343,0,0,0
3504531,1232,326,906,0,0,0
3504532,423,112,311,0,0,0
3504533,570,215,355,0,0,0
3504534,531,206,325,0,0,0
3504535,411,155,256,0,0,0
3504536,428,118,310,0,0,0
3504537,525,173,352,0,0,0
3504538,749,209,540,0,0,0
3504539,903,239,664,0,0,0
3504540,562,209,353,0,0,0
3504541,862,226,636,0,0,0
3504542,719,162,557,0,0,0
3504543,594,166,428,0,0,0
3504544,958,246,712,0,0,0
3504545,709,278,431,0,0,0
3504546,588,164,424,0,0,0
3504547,230,52,178,0,0,0
3504548,556,145,411,0,0,0
3504549,990,272,718,0,0,0
3504550,590,229,361,0,0,0
3504551,556,244,312,0,0,0
3504552,213,71,142,0,0,0
3504553,778,302,476,0,0,0
3504554,743,229,514,0,0,0
3504555,697,172,525,0,0,0
3504556,658,218,440,0,0,0
3504557,817,171,646,0,0,0
3504558,579,121,458,0,0,0
3504559,813,353,460,0,0,0
3504560,358,87,271,0,0,0
3504561,786,238,548,0,0,0
3504562,575,194,381,0,0,0
3504563,562,163,399,0,0,0
3504564,466,142,324,0,0,0
3504565,442,134,308,0,0,0
3504566,527,157,370,0,0,0
3504567,877,247,630,0,0,0
3504568,378,125,253,0,0,0
3504569,784,203,581,0,0,0
3504570,598,185,413,0,0,0
3504571,717,144,573,0,0,0
3504572,667,202,465,0,0,0
3504573,471,155,316,0,0,0
3504574,1012,334,678,0,0,0
3504575,524,173,351,0,0,0
3504576,803,265,538,0,0,0
3504577,1026,372,654,0,0,0
350471,349,289,60,0,0,0
350472,639,525,114,0,0,0
350473,484,419,65,0,0,0
350474,930,728,202,0,0,0
350475,886,724,162,0,0,0
350476,319,263,56,0,0,0
350477,394,319,75,0,0,0
350478,1069,931,138,0,0,0
350479,267,163,104,0,0,0
3504710,352,263,89,0,0,0
3504711,147,120,27,0,0,0
3504712,502,399,103,0,0,0
3504713,328,288,40,0,0,0
3504714,89,52,37,0,0,0
3504715,127,32,95,0,0,0
3504716,563,426,137,0,0,0
3504717,67,54,13,0,0,0
3504718,260,220,40,0,0,0
3504719,494,424,70,0,0,0
3504720,115,99,16,0,0,0
3504721,386,314,72,0,0,0
3504722,225,165,60,0,0,0
3504723,1112,832,280,0,0,0
3504724,321,251,70,0,0,0
3504725,407,343,64,0,0,0
3504726,914,836,78,0,0,0
3504727,644,515,129,0,0,0
3504728,388,308,80,0,0,0
350491,460,379,81,0,0,0
350492,94,76,18,0,0,0
350493,97,78,19,0,0,0
350494,6,5,1,0,0,0
350495,361,297,64,0,0,0
350496,16,15,1,0,0,0
350497,165,136,29,0,0,0
350498,396,341,55,0,0,0
350499,449,392,57,0,0,0
3504910,849,680,169,0,0,0
3504911,649,565,84,0,0,0
3504912,284,251,33,0,0,0
3504913,754,638,116,0,0,0
3504914,550,445,105,0,0,0
3504915,324,139,185,0,0,0
3504916,129,73,56,0,0,0
3504917,114,91,23,0,0,0
3504918,341,139,202,0,0,0
3504919,49,26,23,0,0,0
3504920,480,431,49,0,0,0
3504921,709,603,106,0,0,0
3504922,512,441,71,0,0,0
3504923,371,308,63,0,0,0
3504924,338,302,36,0,0,0
3504925,174,167,7,0,0,0
3504926,159,144,15,0,0,0
3504927,410,382,28,0,0,0
3504928,246,211,35,0,0,0
3504929,692,542,150,0,0,0
3504930,564,466,98,0,0,0
3504931,204,178,26,0,0,0
3504932,527,460,67,0,0,0
3504933,383,350,33,0,0,0
3504934,437,378,59,0,0,0
3504935,246,220,26,0,0,0
3504936,212,178,34,0,0,0
3504937,350,311,39,0,0,0
3504938,432,375,57,0,0,0
3504939,313,257,56,0,0,0
3504940,71,59,12,0,0,0
3504941,122,110,12,0,0,0
3504942,236,212,24,0,0,0
3504943,211,198,13,0,0,0
3504944,415,385,30,0,0,0
3504945,255,229,26,0,0,0
3504946,175,144,31,0,0,0
3504947,477,420,57,0,0,0
3504948,868,768,100,0,0,0
3504949,360,306,54,0,0,0
3504950,498,417,81,0,0,0
3504951,600,513,87,0,0,0
3504952,436,386,50,0,0,0
3504953,447,402,45,0,0,0
3504954,545,465,80,0,0,0
3504955,643,530,113,0,0,0
3504956,661,542,119,0,0,0
3504957,200,174,26,0,0,0
3504958,347,272,75,0,0,0
3504959,438,350,88,0,0,0
3504960,192,136,56,0,0,0
3504961,528,433,95,0,0,0
3504962,284,242,42,0,0,0
3504963,471,376,95,0,0,0
3504964,332,270,62,0,0,0
3504965,1044,870,174,0,0,0
3504966,423,355,68,0,0,0
3504967,462,384,78,0,0,0
3504968,447,380,67,0,0,0
3504969,1071,874,197,0,0,0
3504970,905,725,180,0,0,0
3504971,915,740,175,0,0,0
3504972,381,342,39,0,0,0
3504973,614,282,332,0,0,0
3504974,317,282,35,0,0,0
3504975,459,376,83,0,0,0
3504976,255,211,44,0,0,0
3504977,339,276,63,0,0,0
3504978,726,577,149,0,0,0
3504979,259,206,53,0,0,0
3504980,190,158,32,0,0,0
3504981,281,228,53,0,0,0
3504982,1007,740,267,0,0,0
3504983,564,446,118,0,0,0
3504984,679,275,404,0,0,0
3504985,533,201,332,0,0,0
3504986,1043,839,204,0,0,0
3504987,24,20,4,0,0,0
350511,555,253,302,0,0,0
350512,1286,427,859,0,0,0
350513,224,73,151,0,0,0
350514,256,99,157,0,0,0
350515,842,378,464,0,0,0
350516,237,167,70,0,0,0
350517,563,278,285,0,0,0
350518,507,280,227,0,0,0
350519,899,397,502,0,0,0
350531,499,358,141,0,0,0
350532,528,327,201,0,0,0
350533,714,441,273,0,0,0
350534,197,136,61,0,0,0
350535,332,215,117,0,0,0
350536,352,247,105,0,0,0
350537,85,68,17,0,0,0
350538,648,394,254,0,0,0
350539,66,23,43,0,0,0
3505310,108,83,25,0,0,0
3505311,507,234,273,0,0,0
3505312,22,2,20,0,0,0
3505313,421,229,192,0,0,0
3505314,313,157,156,0,0,0
3505315,677,538,139,0,0,0
3505316,512,269,243,0,0,0
3505317,108,72,36,0,0,0
3505318,486,294,192,0,0,0
3505319,387,174,213,0,0,0
3505320,266,158,108,0,0,0
3505321,5,5,0,0,0,0
3505322,62,25,37,0,0,0
3505323,130,79,51,0,0,0
3505324,215,104,111,0,0,0
3505325,77,57,20,0,0,0
3505326,8,5,3,0,0,0
350551,351,300,51,0,0,0
350552,136,119,17,0,0,0
350553,112,86,26,0,0,0
350554,378,311,67,0,0,0
350555,386,291,95,0,0,0
350556,528,400,128,0,0,0
350557,350,118,232,0,0,0
350558,241,218,23,0,0,0
350559,1360,1174,186,0,0,0
3505510,377,335,42,0,0,0
3505511,836,738,98,0,0,0
3505512,1263,1066,197,0,0,0
3505513,561,530,31,0,0,0
3505514,438,363,75,0,0,0
3505515,1076,902,174,0,0,0
3505516,562,463,99,0,0,0
3505517,1198,1015,183,0,0,0
3505518,931,754,177,0,0,0
3505519,1012,857,155,0,0,0
3505520,437,368,69,0,0,0
3505521,768,636,132,0,0,0
3505522,191,170,21,0,0,0
3505523,75,65,10,0,0,0
3505524,182,144,38,0,0,0
3505525,148,112,36,0,0,0
3505526,82,48,34,0,0,0
3505527,276,226,50,0,0,0
3505528,319,253,66,0,0,0
3505529,171,142,29,0,0,0
3505530,57,49,8,0,0,0
3505531,40,27,13,0,0,0
3505532,167,153,14,0,0,0
3505533,98,67,31,0,0,0
3505534,597,489,108,0,0,0
3505535,842,696,146,0,0,0
3505536,86,83,3,0,0,0
350571,201,105,96,0,0,0
350572,75,25,50,0,0,0
350573,40,20,20,0,0,0
350574,22,10,12,0,0,0
350575,293,150,143,0,0,0
350576,264,149,115,0,0,0
350577,187,99,88,0,0,0
350578,42,15,27,0,0,0
350579,78,34,44,0,0,0
3505710,44,19,25,0,0,0
3505711,14,1,13,0,0,0
3505712,11,2,9,0,0,0
3505713,224,114,110,0,0,0
3505714,28,7,21,0,0,0
3505715,63,30,33,0,0,0
3505716,118,69,49,0,0,0
350591,299,88,211,0,0,0
350594,493,134,359,0,0,0
350596,411,132,279,0,0,0
350597,345,118,227,0,0,0
350598,104,13,91,0,0,0
350599,67,7,60,0,0,0
350611,1948,992,956,0,0,0
350612,1031,655,376,0,0,0
350613,520,277,243,0,0,0
350614,725,306,419,0,0,0
350615,1058,529,529,0,0,0
350616,1032,561,471,0,0,0
350617,1299,646,653,0,0,0
350618,1301,689,612,0,0,0
350619,541,247,294,0,0,0
3506110,514,283,231,0,0,0
3506111,601,209,392,0,0,0
3506112,793,421,372,0,0,0
3506113,283,237,46,0,0,0
3506114,669,371,298,0,0,0
3506115,406,214,192,0,0,0
3506116,1195,731,464,0,0,0
3506117,2195,1213,982,0,0,0
3506118,656,255,401,0,0,0
3506119,453,179,274,0,0,0
3506120,296,129,167,0,0,0
3506121,1029,629,400,0,0,0
3506123,992,598,394,0,0,0
3506125,320,215,105,0,0,0
3506126,443,318,125,0,0,0
3506127,955,513,442,0,0,0
3506128,880,532,348,0,0,0
3506129,1048,532,516,0,0,0
3506130,1712,882,830,0,0,0
3506131,874,488,386,0,0,0
3506132,895,496,399,0,0,0
3506133,296,177,119,0,0,0
3506134,315,169,146,0,0,0
3506135,442,261,181,0,0,0
3506136,365,199,166,0,0,0
3506137,420,213,207,0,0,0